{"type":"FeatureCollection","name":"axignal_europe_boundaries_50m","bbox":[-26.0,28.0,45.0,72.0],"features":[{"type":"Feature","properties":{"layer":"ADMIN_0_BOUNDARY","scale":"1:50m"},"geometry":{"type":"MultiLineString","coordinates":[[[34.24528,31.20833],[34.34832,31.29292],[34.35018,31.36276],[34.52557,31.52562],[34.52413,31.54164],[34.47736,31.58484]],[[35.55145,32.39552],[35.48443,32.40164],[35.40262,32.45063],[35.38671,32.49303],[35.36216,32.50747],[35.30382,32.51293],[35.19323,32.53442],[35.06507,32.46042],[35.0105,32.33818],[34.9995,32.28108],[34.95593,32.16093],[34.97139,32.08709],[34.97877,31.99159],[34.98978,31.9133],[34.97831,31.86643],[34.95382,31.84126],[34.96115,31.82333],[34.98301,31.81682],[35.05319,31.83795],[35.12714,31.81677],[35.19799,31.77633],[35.20367,31.75003],[35.15344,31.7345],[35.03469,31.67323],[34.95092,31.60228],[34.92922,31.53658],[34.87273,31.3969],[34.88049,31.36816],[34.90777,31.35132],[35.1012,31.3662],[35.27669,31.42279],[35.40872,31.48294],[35.45053,31.47932]],[[35.10859,33.08367],[35.22331,33.09199],[35.30888,33.07956],[35.41125,33.07571],[35.49311,33.1195],[35.53254,33.25048],[35.57925,33.27146],[35.60287,33.24061]],[[35.78725,32.73493],[35.83328,32.82009],[35.84186,32.87595],[35.88798,32.94438],[35.85902,32.98937],[35.84508,33.08466],[35.8247,33.10802],[35.8172,33.13317],[35.83328,33.1637],[35.82685,33.19512],[35.80862,33.20858],[35.80004,33.25612],[35.78502,33.29109],[35.79253,33.33411],[35.81612,33.36188],[35.84074,33.41566]],[[34.00447,35.06525],[33.96571,35.05678],[33.90328,35.08546],[33.86644,35.09359],[33.83197,35.06716],[33.79228,35.0482],[33.75694,35.03972],[33.72578,35.03732],[33.67539,35.01786],[33.61441,35.02275],[33.52569,35.03869],[33.47582,35.00034],[33.46383,35.00494],[33.45592,35.10142],[33.42424,35.14093],[33.38383,35.16271],[33.32554,35.15362],[33.24834,35.15692],[33.19098,35.17312],[33.0775,35.14618],[32.98592,35.11641],[32.91957,35.08783],[32.86945,35.08938],[32.78408,35.11579],[32.7202,35.14537],[32.71271,35.17106]],[[23.60526,51.51792],[23.61378,51.52538],[23.60856,51.61049],[23.6467,51.62886],[23.7068,51.64132],[23.79171,51.63713],[23.86431,51.62398],[23.95118,51.58507],[23.97831,51.59132],[24.12683,51.66462],[24.28005,51.77472],[24.32377,51.83844],[24.3619,51.86753],[24.49518,51.88303],[24.61129,51.88952],[24.68514,51.88831],[24.86637,51.89911],[24.9738,51.91115],[25.06672,51.9305],[25.26722,51.93776],[25.58028,51.92474],[25.7858,51.92381],[25.92527,51.91352],[26.26706,51.85503],[26.39439,51.84443],[26.4534,51.81343],[26.56689,51.8019],[26.77349,51.77069],[26.9528,51.754],[27.07414,51.76082],[27.14199,51.75204],[27.27015,51.61357],[27.29635,51.59739],[27.34761,51.59414],[27.45231,51.6061],[27.60134,51.60161],[27.68971,51.57243],[27.67679,51.48993],[27.70005,51.478],[27.74128,51.48257],[27.78888,51.52915],[27.82882,51.57742],[27.85854,51.59241],[28.01078,51.55975],[28.08028,51.56502],[28.14441,51.60166],[28.18374,51.60786],[28.29164,51.58184],[28.42455,51.56362],[28.53209,51.56243],[28.59901,51.54264],[28.64774,51.45652],[28.69027,51.43888],[28.7313,51.43342],[28.79326,51.51034],[28.84954,51.54019],[28.92757,51.56218],[28.97769,51.57179],[29.01314,51.59892],[29.06079,51.62543],[29.10208,51.62752],[29.13562,51.61729],[29.17422,51.58062],[29.2305,51.49701],[29.29881,51.41304],[29.34651,51.38255],[29.46965,51.40834],[29.55316,51.43459],[29.70602,51.43955],[29.9088,51.458],[30.06378,51.48203],[30.16077,51.47789],[30.21953,51.4512],[30.30898,51.3996],[30.33337,51.32555],[30.44954,51.27434],[30.54452,51.26506],[30.57692,51.31834],[30.63253,51.35542],[30.6117,51.40637],[30.6024,51.47123],[30.56075,51.53148],[30.53295,51.59633],[30.5839,51.68899],[30.6395,51.77007],[30.66731,51.8141],[30.75531,51.89518],[30.84564,51.95308],[30.98067,52.04618],[31.07932,52.07698],[31.16846,52.06292],[31.21797,52.05023],[31.34603,52.10537],[31.57371,52.10809],[31.76336,52.10108]],[[35.84074,33.41566],[35.78746,33.36977],[35.73444,33.33259],[35.62721,33.27505],[35.60287,33.24061]],[[35.84074,33.41566],[35.86911,33.43176],[35.91474,33.46537],[35.92652,33.50028],[35.96755,33.53459],[36.02223,33.56253],[36.03447,33.58506],[36.02667,33.59792],[35.97169,33.62312],[35.94239,33.66756],[35.96843,33.73241],[35.98616,33.75264],[36.01881,33.78393],[36.09225,33.83158],[36.14981,33.83949],[36.19937,33.83954],[36.28335,33.83561],[36.34856,33.82703],[36.3651,33.83936],[36.36282,33.85514],[36.28226,33.89418],[36.27782,33.92532],[36.29782,33.95865],[36.35492,34.01134],[36.42282,34.04983],[36.45755,34.05681],[36.53517,34.13433],[36.58498,34.22122],[36.50437,34.43237],[36.45553,34.46617],[36.37647,34.49518],[36.32991,34.4996],[36.32629,34.51335],[36.38861,34.56691],[36.43295,34.61349],[36.38391,34.65788],[36.29632,34.67868],[36.26355,34.63285],[36.15111,34.62861],[35.97623,34.6292]],[[23.48464,53.93981],[23.55911,53.91981],[23.73367,53.91227],[23.87253,53.9357],[23.94446,53.93898],[24.00849,53.93164],[24.10393,53.94503],[24.19132,53.95045],[24.23659,53.91996],[24.31793,53.89299],[24.47854,53.93185],[24.62075,53.97983],[24.76818,53.97464],[24.78922,53.99823],[24.82565,54.119],[24.86952,54.14517],[25.04605,54.13308],[25.11142,54.15494],[25.17953,54.21426],[25.28366,54.25126],[25.37058,54.25121],[25.46116,54.29278],[25.50561,54.26496],[25.52736,54.21514],[25.49739,54.17525],[25.51041,54.15961],[25.57304,54.13987],[25.68053,54.14047],[25.74926,54.15698],[25.76518,54.17979],[25.76507,54.22119],[25.74812,54.25969],[25.7026,54.29299],[25.61687,54.3101],[25.55754,54.31069],[25.54736,54.33183],[25.56762,54.37707],[25.62033,54.4604],[25.68518,54.53579],[25.72477,54.56424],[25.73169,54.59036],[25.72394,54.63602],[25.72249,54.71787],[25.78083,54.83327],[25.85928,54.91928],[25.96444,54.94716],[26.09301,54.9623],[26.17518,55.00328],[26.21585,55.05039],[26.2313,55.09015],[26.25078,55.12449],[26.29176,55.13958],[26.6012,55.1302],[26.64843,55.2042],[26.67504,55.2249],[26.73442,55.24676],[26.77571,55.27311],[26.76021,55.29334],[26.6813,55.30644],[26.49531,55.31802],[26.45764,55.34246],[26.46958,55.37194],[26.51924,55.44814],[26.56658,55.54648],[26.59086,55.62265],[26.59355,55.66751]],[[13.81474,48.76695],[13.76989,48.81599],[13.68498,48.87671],[13.54763,48.95967],[13.44076,48.95559],[13.40118,48.97761],[13.38371,49.00809],[13.33911,49.06078],[13.28878,49.09744],[13.22785,49.11168],[13.14052,49.15834],[13.02373,49.26009],[12.91666,49.33048],[12.81341,49.32937],[12.74788,49.36619],[12.68112,49.4145],[12.63203,49.46122],[12.55575,49.57486],[12.5003,49.63971],[12.45705,49.67981],[12.40821,49.71319],[12.39049,49.73965],[12.45023,49.80016],[12.47183,49.83009],[12.49756,49.85306],[12.51255,49.87742],[12.51203,49.89579],[12.45757,49.9555],[12.38413,49.9986],[12.27644,50.04235],[12.20781,50.09751],[12.18249,50.14805],[12.175,50.17585],[12.12787,50.21342],[12.08973,50.26856],[12.08984,50.30174],[12.09924,50.31099],[12.13485,50.31093],[12.17479,50.2884],[12.23117,50.24489],[12.27732,50.18143],[12.30564,50.2057],[12.35855,50.27326],[12.45266,50.3498],[12.54903,50.39341],[12.63554,50.39705],[12.70644,50.40912],[12.76545,50.43098],[12.86829,50.42222],[12.9427,50.40646],[12.96684,50.4162],[12.99707,50.45604],[13.01645,50.49038],[13.18114,50.51048],[13.23767,50.57676],[13.26951,50.57642],[13.30609,50.58632],[13.34103,50.61141],[13.37462,50.62172],[13.40118,50.60931],[13.43616,50.6011],[13.47259,50.61694],[13.52654,50.69282],[13.55672,50.70466],[13.70142,50.71649],[13.89851,50.76129],[13.99845,50.80111],[14.09654,50.82276],[14.2018,50.86124],[14.36908,50.89875],[14.37703,50.91405],[14.29942,50.9526],[14.27337,50.97689],[14.25585,51.00185],[14.28324,51.02947],[14.31973,51.03782],[14.36732,51.02629],[14.50736,51.00986],[14.54571,50.99397],[14.55966,50.95493],[14.59521,50.9186],[14.62384,50.91475],[14.61361,50.85555],[14.65815,50.83261],[14.72337,50.81468],[14.76647,50.81832],[14.79747,50.84232],[14.80941,50.85896]],[[27.35195,57.52812],[27.32658,57.52548],[27.18711,57.53835],[27.03342,57.57876],[26.96603,57.60915],[26.89978,57.60878],[26.81974,57.58873],[26.53268,57.53101],[26.46209,57.54447],[26.29806,57.60108],[26.21507,57.66273],[26.03038,57.78557],[26.01519,57.81477],[25.99111,57.8382],[25.79381,57.86856],[25.72089,57.91383],[25.66017,57.92019],[25.57129,57.94277],[25.33998,58.03943],[25.28262,58.0485],[25.26867,58.03222],[25.2727,58.00938],[25.25828,57.99615],[25.22872,57.99656],[25.17514,58.03212],[25.11106,58.06343],[24.91128,58.00457],[24.83903,57.98873],[24.77578,57.98525],[24.4589,57.90786],[24.36247,57.86618],[24.32253,57.8706]],[[27.35195,57.52812],[27.46967,57.52403],[27.51112,57.50817],[27.53871,57.4298],[27.67276,57.36813],[27.79689,57.31694],[27.82862,57.2933],[27.83823,57.24769],[27.83022,57.19447],[27.81456,57.1669],[27.76278,57.13512],[27.71741,57.05463],[27.7111,56.97807],[27.63948,56.84565],[27.65571,56.84322],[27.80609,56.86707],[27.84867,56.85343],[27.88153,56.82418],[27.89208,56.74108],[27.94137,56.70372],[27.9916,56.64533],[28.00752,56.59985],[28.10317,56.54572],[28.11087,56.51069],[28.16927,56.38687],[28.1917,56.31556],[28.20203,56.26039],[28.17335,56.19034],[28.14793,56.14293]],[[21.04609,56.07007],[21.3147,56.18815],[21.65349,56.31455],[21.73054,56.32599],[22.04287,56.4008],[22.08457,56.40676],[22.3659,56.39289],[22.58692,56.37511],[22.77321,56.37728],[22.87553,56.39645],[22.96829,56.38043],[23.04297,56.32406],[23.11986,56.33067],[23.19588,56.36715],[23.61265,56.33382],[23.70675,56.3346],[23.81274,56.32925],[24.00818,56.29527],[24.12068,56.26427],[24.3679,56.28302],[24.47368,56.28406],[24.52897,56.29631],[24.69951,56.38129],[24.7732,56.39589],[24.841,56.41118],[24.90306,56.39821],[24.94383,56.32561],[25.06987,56.20039],[25.20697,56.17841],[25.58576,56.13017],[25.66322,56.10484],[25.87633,55.99436],[26.00423,55.94015],[26.08552,55.8969],[26.20959,55.81212],[26.28122,55.75045],[26.40111,55.70378],[26.54286,55.67242],[26.59355,55.66751]],[[20.62218,69.03687],[20.49196,69.03331],[20.11674,69.0209],[20.28231,68.93435],[20.33714,68.89964],[20.34804,68.84872],[20.31941,68.75405],[20.23998,68.67312],[20.14743,68.60734],[19.96884,68.54202],[20.24004,68.47753],[20.05596,68.39037],[19.96982,68.3564],[19.87003,68.36224],[19.69123,68.39241],[19.25896,68.46533],[19.05262,68.49272],[18.86823,68.50114],[18.76984,68.50003],[18.37865,68.56238],[18.30305,68.5554],[18.16259,68.5284],[18.14704,68.46776],[18.15593,68.31686],[18.17665,68.20064],[18.12497,68.13346],[18.0733,68.08783],[17.91666,67.9649],[17.56475,68.04846],[17.32466,68.1038],[17.17046,68.03011],[16.78361,67.89503],[16.58558,67.62833],[16.57411,67.61957],[16.45711,67.55177],[16.30715,67.52061],[16.19356,67.50518],[16.12742,67.42581],[16.28152,67.31207],[16.36069,67.25202],[16.43427,67.15507],[16.42073,67.09337],[16.40347,67.05498],[16.2377,66.9764],[15.88413,66.76884],[15.55701,66.55209],[15.42297,66.48984],[15.48374,66.30598],[15.37491,66.25203],[15.15332,66.19105],[15.04004,66.16754],[14.91798,66.15371],[14.54323,66.12935],[14.60994,65.93225],[14.63521,65.84503],[14.63459,65.79327],[14.59583,65.74286],[14.54953,65.64641],[14.47966,65.30144],[14.42623,65.26434],[14.35244,65.17085],[14.11514,64.94617],[13.92476,64.79677],[13.65026,64.58154],[13.87355,64.51356],[14.07762,64.464],[14.11989,64.38775],[14.148,64.26032],[14.14118,64.17353],[14.06326,64.09552],[14.00269,64.04074],[13.96052,64.014],[13.67072,64.04064],[13.29958,64.0748],[13.20346,64.07508],[12.98756,64.05048],[12.79274,64.0],[12.69001,63.95744],[12.66246,63.94049],[12.5327,63.84355],[12.30192,63.6712],[12.17521,63.59596],[12.2121,63.49225],[11.99992,63.29169],[12.13862,63.08917],[12.14461,63.08251],[12.2182,63.00065],[12.14105,62.94784],[12.10865,62.91947],[12.1196,62.82593],[12.13981,62.72134],[12.12193,62.66003],[12.11454,62.59189],[12.30347,62.2856],[12.3014,62.21377],[12.29199,62.16742],[12.2337,61.97684],[12.15536,61.72073],[12.2921,61.65345],[12.48681,61.57299],[12.59606,61.54131],[12.7575,61.44568],[12.8808,61.35228],[12.86369,61.29026],[12.82819,61.22184],[12.77641,61.17399],[12.72783,61.10826],[12.70603,61.05984],[12.68303,61.04682],[12.46759,61.04152],[12.35375,61.0232],[12.29416,61.00269],[12.31463,60.89215],[12.44527,60.68963],[12.55379,60.54563],[12.58862,60.45073],[12.55286,60.35451],[12.51586,60.30521],[12.51462,60.23888],[12.48609,60.10677],[12.40207,60.04006],[12.29194,59.96724],[12.16921,59.91288],[12.07185,59.89761],[11.98829,59.89133],[11.93212,59.86368],[11.88127,59.78245],[11.8343,59.69718],[11.68077,59.59228],[11.68485,59.55574],[11.7434,59.43146],[11.79817,59.28987],[11.75187,59.15758],[11.71218,59.01867],[11.64273,58.92607],[11.54351,58.89299],[11.47075,58.90953],[11.38828,59.03653],[11.34177,59.08812],[11.29795,59.10135],[11.23593,59.10466],[11.14333,59.08812],[11.11356,59.02198],[11.05734,58.95914],[10.91182,58.94591]],[[20.62218,69.03687],[20.67588,69.06948],[20.8893,69.07144],[21.06572,69.04173],[21.10453,69.05444],[21.12784,69.08082],[21.0526,69.18655],[21.06614,69.21412],[21.14375,69.24725],[21.26685,69.2737],[21.46125,69.2775],[21.59375,69.2736],[21.62181,69.27071],[21.81968,69.15449],[21.98949,69.04113],[22.07972,68.99279],[22.30043,68.85585],[22.3829,68.77663],[22.41091,68.71989],[22.50067,68.7202],[22.81104,68.69529],[23.0717,68.67436],[23.14436,68.64258],[23.32398,68.64899],[23.46248,68.67762],[23.70701,68.71384],[23.77253,68.75839],[23.85403,68.80593],[23.99733,68.79844],[24.15411,68.76087],[24.33198,68.71152],[24.49053,68.68868],[24.70323,68.65281],[24.80245,68.60651],[24.94135,68.59328],[25.08687,68.63958],[25.17286,68.76526],[25.24914,68.82133],[25.35714,68.86246],[25.4809,68.88063],[25.57527,68.88717],[25.64663,68.91915],[25.74833,68.99016],[25.76817,69.07615],[25.74869,69.23143],[25.76724,69.28267],[25.85024,69.36649],[25.96155,69.58862],[26.01152,69.65265],[26.07245,69.69156],[26.15616,69.71471],[26.30819,69.78194],[26.52544,69.91506],[26.58425,69.92633],[26.74021,69.93304],[26.93425,69.92814],[27.10866,69.90467],[27.12752,69.90648],[27.20571,69.91868],[27.34803,69.96005],[27.59173,70.04224],[27.7479,70.06482],[27.88991,70.06167],[28.04721,69.9717],[28.26916,69.87145],[28.41173,69.82277],[28.80034,69.73151],[29.14161,69.67146],[29.33343,69.47302],[29.23882,69.39393],[29.19174,69.36672],[29.02487,69.28797],[28.84628,69.17689],[28.83264,69.11899],[28.89191,69.06059],[28.96586,69.02199]],[[6.3443,49.45274],[6.34848,49.51269],[6.37835,49.59961],[6.40677,49.64498],[6.4446,49.68203],[6.4848,49.70782],[6.4938,49.75438],[6.48728,49.79849],[6.44088,49.80531],[6.32461,49.83789],[6.25603,49.87215],[6.20492,49.91514],[6.13816,49.97431],[6.10974,50.03436],[6.10834,50.09423],[6.11651,50.12097]],[[2.52494,51.09714],[2.53605,51.04949],[2.57481,50.98857],[2.60142,50.95529],[2.57925,50.91178],[2.59677,50.87591],[2.66912,50.81142],[2.7594,50.75065],[2.83975,50.71179],[2.86244,50.716],[2.92197,50.72703],[3.0229,50.76688],[3.10687,50.77943],[3.15488,50.74894],[3.18201,50.73168],[3.23498,50.66295],[3.24976,50.59118],[3.27332,50.53154],[3.31621,50.50736],[3.47693,50.49945],[3.59537,50.47736],[3.62679,50.45733],[3.6673,50.32478],[3.68932,50.30608],[3.71887,50.32166],[3.74802,50.34349],[3.78859,50.34695],[3.85809,50.33856],[3.94971,50.33595],[4.04413,50.32135],[4.17456,50.24649],[4.1696,50.22177],[4.14412,50.17841],[4.13528,50.14381],[4.15771,50.12989],[4.19218,50.09415],[4.18386,50.05281],[4.15032,50.02387],[4.13683,50.0],[4.13704,49.98447],[4.14934,49.97158],[4.17606,49.96026],[4.36871,49.94496],[4.54503,49.96026],[4.65618,50.00245],[4.67509,50.04689],[4.70662,50.09705],[4.77287,50.13906],[4.81865,50.15319],[4.86056,50.13591],[4.79002,49.95959],[4.84154,49.9145],[4.84914,49.84714],[4.86759,49.78812],[4.93058,49.78926],[5.00691,49.77836],[5.06107,49.75655],[5.12411,49.72146],[5.21501,49.68924],[5.27878,49.67792],[5.30198,49.651],[5.3535,49.61984],[5.43464,49.55447],[5.50729,49.51088],[5.54243,49.51104],[5.61008,49.52824],[5.71048,49.5392],[5.7897,49.53827]],[[6.11651,50.12097],[6.11005,50.12376],[6.08907,50.15459],[6.05475,50.1543],[5.97631,50.16717],[5.86691,50.08283],[5.8174,50.01268],[5.7881,49.96124],[5.74407,49.91964],[5.73529,49.87564],[5.74077,49.85716],[5.72578,49.83334],[5.72495,49.80828],[5.788,49.75888],[5.80371,49.73216],[5.8804,49.64477],[5.85657,49.61284],[5.83761,49.57834],[5.81544,49.55382],[5.7897,49.53827]],[[45.0,42.71432],[44.94339,42.73026],[44.87099,42.75638],[44.85052,42.74682],[44.77105,42.61678],[44.69177,42.70964],[44.64433,42.73473],[44.57643,42.74848],[44.50589,42.74866],[44.32952,42.70349],[44.19971,42.65362],[44.10271,42.61637],[44.00468,42.59559],[43.95745,42.56655],[43.82599,42.57151],[43.75984,42.59383],[43.73834,42.61699],[43.74992,42.6575],[43.79539,42.70298],[43.7987,42.72778],[43.78258,42.747],[43.62311,42.80772],[43.55779,42.84447],[43.34798,42.89666],[43.08918,42.98906],[43.00015,43.04967],[42.99162,43.09148],[42.89002,43.13261],[42.76063,43.16956],[42.66027,43.15907],[42.56601,43.15514],[42.41904,43.22424],[42.27967,43.22806],[42.12221,43.20734],[42.0878,43.19912],[42.04997,43.19013],[41.58054,43.21925],[41.46076,43.2763],[41.35823,43.33338],[41.08311,43.37448],[40.94203,43.41807],[40.80168,43.47993],[40.64799,43.53391],[40.51901,43.51202],[40.34227,43.54274],[40.15014,43.5698],[40.08461,43.5531],[40.02374,43.48484],[39.97831,43.41983]],[[20.96428,40.84991],[20.95855,40.87151],[20.93348,40.90314],[20.87018,40.91792],[20.74078,40.90526],[20.70931,40.92835],[20.65603,41.06168],[20.61448,41.08307],[20.56787,41.12783],[20.48896,41.27262],[20.48705,41.33608],[20.49242,41.39143],[20.4486,41.52126],[20.47558,41.5541],[20.5162,41.57478],[20.51661,41.62707],[20.50514,41.7065],[20.55314,41.86235],[20.56617,41.8737]],[[20.56617,41.8737],[20.58141,41.91744],[20.57542,42.01309],[20.52281,42.17148],[20.48545,42.22337],[20.40829,42.27497],[20.34825,42.30881],[20.2405,42.33897],[20.18578,42.42589],[20.10356,42.52467],[20.06397,42.54727]],[[41.51006,41.51749],[41.57651,41.49731],[41.70172,41.47158],[41.77939,41.44052],[41.82353,41.43236],[41.92574,41.49566],[42.07777,41.49411],[42.21115,41.48672],[42.27998,41.47499],[42.36437,41.45401],[42.46638,41.43985],[42.50793,41.47005],[42.56736,41.5593],[42.59045,41.57072],[42.60684,41.57881],[42.68239,41.58573],[42.75411,41.57891],[42.78786,41.56372],[42.82171,41.4924],[42.90677,41.46685],[43.05714,41.35285],[43.14897,41.30714],[43.17125,41.28795],[43.14096,41.26485],[43.15285,41.23642],[43.20551,41.19917],[43.2793,41.18521],[43.35894,41.19012],[43.4024,41.17656],[43.4334,41.15552],[43.44157,41.12599],[43.43945,41.1071]],[[43.43945,41.1071],[43.49195,41.11553],[43.64502,41.11666],[43.79322,41.13108],[43.90919,41.15899],[44.07724,41.1825],[44.14654,41.20338],[44.22736,41.21335],[44.47303,41.191],[44.56486,41.20821],[44.84138,41.21136],[44.84851,41.22017],[44.81094,41.24859],[44.81135,41.25937],[44.97589,41.27748],[45.0,41.29022]],[[8.39311,55.09684],[8.46189,55.07116],[8.54122,54.9546],[8.59455,54.91595],[8.67072,54.90332],[8.85727,54.90115],[8.90295,54.89691],[9.18583,54.84466],[9.25497,54.80802],[9.34194,54.80632],[9.49873,54.84043],[9.61578,54.85541],[9.66125,54.83438],[9.72497,54.82554],[9.73975,54.82552]],[[9.51873,30.22942],[9.638,30.28234],[9.80739,30.34223],[9.89503,30.38729],[9.9325,30.42535],[10.05973,30.5801],[10.12592,30.66598],[10.21636,30.78321],[10.25605,30.86494],[10.25698,30.9408],[10.24333,31.03211],[10.17264,31.25096],[10.11497,31.46376],[10.15988,31.5458],[10.196,31.5851],[10.27465,31.68497],[10.30602,31.70484],[10.47577,31.73602],[10.54368,31.80256],[10.59546,31.88575],[10.60889,31.92955],[10.683,31.97541],[10.77157,32.0212],[10.8264,32.08068],[11.00515,32.17271],[11.16829,32.25677],[11.35805,32.34524],[11.50501,32.41368],[11.53597,32.47337],[11.5338,32.52494],[11.45391,32.64258],[11.45391,32.78169],[11.45923,32.89737],[11.46724,32.96571],[11.50243,33.15555],[11.50455,33.18195]],[[44.76825,39.70352],[44.86716,39.71913],[45.0,39.75627]],[[20.24184,46.10861],[20.28096,46.133],[20.50808,46.16692],[20.61366,46.13352],[20.66099,46.14566],[20.7074,46.17282],[20.73272,46.19444],[20.73737,46.21749],[20.76021,46.24622],[20.837,46.25971],[21.03988,46.24224],[21.12164,46.28245],[21.15192,46.30436],[21.17042,46.35267],[21.19181,46.39154],[21.26457,46.41231],[21.26323,46.44773],[21.25222,46.48636],[21.29455,46.57245],[21.32018,46.6078],[21.36131,46.62077],[21.41102,46.64785],[21.49712,46.70428],[21.47707,46.75337],[21.49443,46.78973],[21.58414,46.87838],[21.65266,46.96377],[21.65142,47.00654],[21.66145,47.0439],[21.72181,47.08483],[21.78547,47.13816],[21.86929,47.30461],[21.89926,47.33256],[21.95425,47.36424],[21.99528,47.39571],[21.99972,47.50503],[22.03796,47.53661],[22.11196,47.57203],[22.18509,47.62903],[22.24462,47.69637],[22.29066,47.72784],[22.35143,47.73621],[22.41747,47.76267],[22.49137,47.77256],[22.56294,47.75957],[22.60837,47.76631],[22.67679,47.79905],[22.85176,47.92258],[22.87662,47.94725]],[[18.83222,49.51078],[18.93815,49.49827],[18.95722,49.4483],[18.96833,49.39624],[19.14946,49.39998],[19.25017,49.51145],[19.30237,49.52483],[19.38624,49.56364],[19.44164,49.5977],[19.47972,49.57638],[19.53476,49.50478],[19.59305,49.44711],[19.62669,49.42437],[19.63025,49.40662],[19.66415,49.39605],[19.73004,49.3896],[19.77391,49.37218],[19.78704,49.31854],[19.78797,49.26996],[19.76735,49.23521],[19.75665,49.20439],[19.80223,49.19235],[19.869,49.204],[19.91613,49.22139],[20.05762,49.18129],[20.10764,49.27074],[20.16371,49.3164],[20.23652,49.33766],[20.30256,49.36551],[20.36303,49.38525],[20.40468,49.38407],[20.42266,49.39233],[20.47454,49.39016],[20.53459,49.3812],[20.61614,49.39171],[20.729,49.36991],[20.79949,49.32867],[20.86847,49.31469],[20.94728,49.31709],[21.00113,49.33983],[21.07942,49.41828],[21.13616,49.41706],[21.22499,49.42944],[21.35046,49.42877],[21.63964,49.41195],[21.71214,49.38192],[21.89012,49.34345],[21.96768,49.29908],[22.0022,49.24609],[22.02008,49.2095],[22.20255,49.15323],[22.47308,49.08129],[22.53866,49.07272]],[[-7.21862,55.09201],[-7.37691,55.0277],[-7.40143,55.00331],[-7.44597,54.90512],[-7.45125,54.87712],[-7.5022,54.82544],[-7.55041,54.76795],[-7.60643,54.7457],[-7.68999,54.728],[-7.73748,54.71046],[-7.79727,54.7193],[-7.87292,54.71785],[-7.9106,54.69832],[-7.90874,54.68333],[-7.88615,54.66607],[-7.81985,54.63971],[-7.74627,54.61584],[-7.7544,54.59494],[-7.79381,54.57124],[-8.04434,54.51246],[-8.11896,54.47696],[-8.14479,54.4535],[-8.11823,54.41425],[-7.91845,54.29658],[-7.88445,54.28377],[-7.85494,54.21527],[-7.67878,54.18667],[-7.60653,54.14383],[-7.54442,54.1336],[-7.40944,54.13732],[-7.35518,54.12124],[-7.32451,54.13344],[-7.30673,54.156],[-7.19304,54.21411],[-7.15545,54.23951],[-7.17808,54.27488],[-7.20258,54.3018],[-7.13349,54.35539],[-7.04969,54.40826],[-7.00773,54.40671],[-6.93616,54.37433],[-6.87722,54.32909],[-6.86927,54.29405],[-6.85834,54.26868],[-6.8026,54.21437],[-6.76658,54.19561],[-6.66954,54.1847],[-6.64685,54.16344],[-6.66421,54.08476],[-6.64982,54.05864],[-6.54815,54.05727],[-6.44027,54.06363],[-6.40258,54.06063],[-6.36366,54.07711],[-6.30367,54.09489],[-6.21801,54.08874]],[[18.83222,49.51078],[18.82927,49.54013],[18.80689,49.61372],[18.59466,49.75779],[18.56882,49.81794],[18.57719,49.84112],[18.56241,49.87933],[18.51621,49.90238],[18.34847,49.92985],[18.30532,49.91406],[18.26631,49.93029],[18.20528,49.96475],[18.09919,49.99279],[18.08766,50.00728],[18.04947,50.03193],[18.02828,50.03524],[18.01464,50.02028],[17.98384,49.99907],[17.87475,49.97225],[17.83129,49.98331],[17.79171,50.00661],[17.74655,50.05679],[17.68107,50.10077],[17.62707,50.11642],[17.59627,50.13952],[17.58935,50.15746],[17.70929,50.19355],[17.73549,50.23078],[17.72009,50.29864],[17.70226,50.30716],[17.65466,50.28422],[17.55462,50.26406],[17.46232,50.25476],[17.4152,50.25476],[17.15196,50.37832],[16.9808,50.4161],[16.88003,50.42703],[16.86918,50.41449],[16.91476,50.3452],[16.99341,50.2597],[16.98969,50.23693],[16.89533,50.20195],[16.84174,50.1867],[16.77865,50.15704],[16.72532,50.11606],[16.67912,50.09749],[16.63912,50.10216],[16.59664,50.1219],[16.4876,50.24841],[16.35045,50.3452],[16.33412,50.3669],[16.29134,50.37186],[16.23072,50.39408],[16.21031,50.42372],[16.24069,50.45467],[16.28255,50.48299],[16.3566,50.50048],[16.37908,50.51692],[16.39231,50.54167],[16.4197,50.57366],[16.41252,50.58518],[16.35996,50.62141],[16.28224,50.65562],[16.06644,50.62993],[16.00722,50.61164],[15.97384,50.63546],[15.94852,50.67024],[15.89389,50.67691],[15.81922,50.70869],[15.73054,50.73972],[15.64393,50.74887],[15.464,50.79385],[15.39465,50.79628],[15.35439,50.81178],[15.31259,50.84573],[15.27703,50.88302],[15.25863,50.95854],[15.12593,50.99286],[14.99374,51.01438],[14.98444,51.0034],[14.98997,50.92723],[14.98289,50.88656],[14.89576,50.86139],[14.80941,50.85896]],[[20.00129,39.70941],[20.02258,39.7107],[20.05979,39.69913],[20.1311,39.66161],[20.20686,39.6535],[20.2482,39.67838],[20.27208,39.70119],[20.28758,39.73856],[20.29383,39.78222],[20.30618,39.79669],[20.36406,39.79173],[20.38246,39.80264],[20.38163,39.84181],[20.34427,39.89064],[20.31135,39.95077],[20.31114,39.97942],[20.33843,39.99105],[20.3837,40.01717],[20.40804,40.04944],[20.45604,40.06557],[20.52705,40.06851],[20.60627,40.08267],[20.65738,40.1174],[20.66497,40.15176],[20.69701,40.24638],[20.71789,40.29268],[20.75168,40.3349],[20.77003,40.3919],[20.8061,40.44544],[20.88165,40.46792],[20.95017,40.4944],[21.0019,40.56339],[21.03089,40.62248],[21.0311,40.65866],[20.9879,40.71777],[20.95575,40.77529],[20.96428,40.84991]],[[22.13186,48.40531],[22.14287,48.56851],[22.29521,48.68581],[22.33257,48.74509],[22.38947,48.87348],[22.43205,48.93355],[22.48321,48.98326],[22.52413,49.03137],[22.53866,49.07272]],[[13.81474,48.76695],[13.84311,48.75987],[13.92435,48.72803],[13.98874,48.69243],[14.04915,48.60251],[14.18986,48.57859],[14.36763,48.57621],[14.43109,48.61626],[14.48871,48.62556],[14.55387,48.61331],[14.69133,48.5992],[14.70668,48.67191],[14.78595,48.74736],[14.82187,48.774],[14.92253,48.77139],[14.94734,48.82774],[14.97214,48.98394],[14.99343,49.00112],[15.06681,48.99784],[15.13978,48.96934],[15.16169,48.94626],[15.19962,48.94812],[15.25274,48.96388],[15.31093,48.97401],[15.40292,48.95737],[15.59944,48.8864],[15.70078,48.86043],[15.76501,48.86544],[15.82522,48.86446],[16.05724,48.7548],[16.2193,48.7394],[16.3673,48.73899],[16.41484,48.77209],[16.47789,48.80012],[16.54352,48.79625],[16.60098,48.78188],[16.71271,48.73423],[16.76449,48.72204],[16.83322,48.71429],[16.88365,48.70369],[16.9283,48.62091],[16.95311,48.59884]],[[42.359,37.10859],[42.45589,37.12869],[42.63547,37.24928],[42.74109,37.36191],[42.77458,37.37188],[42.86909,37.33493],[42.93664,37.32478],[43.09249,37.36738],[43.1851,37.34485],[43.26313,37.31648],[43.30674,37.31462],[43.51588,37.24455],[43.56802,37.23587],[43.67582,37.22726],[43.83643,37.22352],[43.93998,37.2693],[44.01316,37.31354],[44.06463,37.31245],[44.11439,37.30186],[44.15625,37.28294],[44.19175,37.24985],[44.20839,37.20264],[44.20167,37.05182],[44.21749,37.01185],[44.2457,36.98332],[44.28188,36.978],[44.32559,37.01076],[44.40192,37.05849],[44.49602,37.11053],[44.56604,37.15825],[44.60594,37.17603],[44.66935,37.1736],[44.73094,37.16528],[44.76515,37.14244]],[[16.09305,46.86329],[16.25258,46.97191],[16.33185,47.0022],[16.42389,46.99695],[16.45339,47.00677],[16.46125,47.02248],[16.47696,47.05785],[16.48481,47.09126],[16.49267,47.12268],[16.48285,47.14038],[16.43836,47.14591],[16.41686,47.22342],[16.43975,47.25275],[16.46259,47.27314],[16.43433,47.36744],[16.4429,47.39954],[16.51479,47.40455],[16.57442,47.42465],[16.623,47.44757],[16.63664,47.47661],[16.67653,47.53601],[16.63974,47.60888],[16.4321,47.65632],[16.4213,47.67445],[16.46962,47.69507],[16.52114,47.72448],[16.55101,47.74737],[16.59096,47.75055],[16.64749,47.739],[16.74759,47.68626],[16.78598,47.67864],[16.82309,47.69399],[16.86267,47.69727],[16.97341,47.69533],[17.06664,47.70755],[17.04561,47.76375],[17.04586,47.80452],[17.0301,47.83713],[17.03992,47.87294],[17.07775,47.9009],[17.08907,47.96364],[17.14736,48.00596]],[[7.0211,45.92578],[7.05572,45.90379],[7.129,45.8804],[7.32796,45.91234],[7.45157,45.94446],[7.53859,45.97818],[7.59254,45.97223],[7.78788,45.92185],[7.85237,45.94748],[7.99314,46.0159],[8.01422,46.05189],[8.12522,46.16096],[8.12729,46.18759],[8.0815,46.25601],[8.09566,46.27103],[8.23193,46.3412],[8.29854,46.40342],[8.37068,46.44512],[8.42257,46.44603],[8.43683,46.43189],[8.44293,46.4028],[8.43848,46.28286],[8.45843,46.24591],[8.5654,46.15982],[8.64167,46.1108],[8.81851,46.07714],[8.82678,46.06101],[8.778,45.99621],[8.88517,45.9187],[8.90429,45.86196],[8.9537,45.83005],[9.02377,45.84568],[9.04671,45.8756],[9.01917,45.9281],[8.99891,45.98311],[9.00305,46.01489],[9.02237,46.05148],[9.071,46.10246],[9.20345,46.21925],[9.25109,46.28676],[9.25972,46.39128],[9.26014,46.4752],[9.30437,46.49556],[9.39935,46.48068],[9.42762,46.48233],[9.44059,46.43081],[9.48105,46.3488],[9.5287,46.30622],[9.5796,46.29612],[9.63949,46.29588],[9.78775,46.34603],[9.88444,46.36776],[9.93927,46.3618],[9.97167,46.32766],[10.04102,46.23811],[10.08055,46.22798],[10.12835,46.23821],[10.1452,46.25353],[10.1299,46.28798],[10.10965,46.36286],[10.0819,46.42073],[10.04562,46.44791],[10.03823,46.48318],[10.06123,46.5468],[10.08701,46.59989],[10.1375,46.61436],[10.19553,46.62108],[10.27227,46.56486],[10.36307,46.54708],[10.43061,46.55005],[10.44249,46.58284],[10.43826,46.61883],[10.39795,46.66503],[10.40601,46.73487],[10.45283,46.86494]],[[10.45283,46.86494],[10.45459,46.89944],[10.4149,46.96439],[10.34943,46.98478],[10.17977,46.86233],[10.13347,46.85151],[9.99689,46.88533],[9.87772,46.93768],[9.86465,46.97597],[9.84532,47.00736],[9.74502,47.03713],[9.61996,47.05749],[9.58022,47.05739]],[[44.76515,37.14244],[44.7667,37.15634],[44.75833,37.21711],[44.79678,37.26977],[44.7942,37.29039],[44.71513,37.35715],[44.60413,37.42371],[44.57405,37.43542],[44.57312,37.50639],[44.57721,37.56019],[44.56723,37.60863],[44.54605,37.63631],[44.54527,37.65817],[44.58997,37.71036],[44.56124,37.74462],[44.39779,37.82924],[44.33624,37.87177],[44.22297,37.88017],[44.21129,37.90807],[44.22891,37.96719],[44.26792,38.03882],[44.32942,38.10925],[44.34895,38.14651],[44.37272,38.20974],[44.38089,38.25462],[44.44962,38.31776],[44.44988,38.33425],[44.43086,38.35678],[44.37577,38.36957],[44.3196,38.37471],[44.29852,38.38629],[44.29087,38.42011],[44.29784,38.5578],[44.28017,38.64069],[44.25707,38.70064],[44.27164,38.83605],[44.23247,38.86321],[44.17082,38.93437],[44.14452,38.99436],[44.15878,39.01674],[44.17186,39.05627],[44.18059,39.10808],[44.17806,39.14485],[44.12127,39.18061],[44.0791,39.21833],[44.07434,39.25998],[44.05755,39.31083],[44.03383,39.35104],[44.02318,39.37744],[44.04391,39.39294],[44.12406,39.40524],[44.24048,39.39679],[44.33541,39.39605],[44.38936,39.42214],[44.45592,39.66673],[44.51669,39.73127],[44.58713,39.76853],[44.72505,39.68171],[44.7821,39.65107],[44.81714,39.65042]],[[23.48464,53.93981],[23.47767,53.95895],[23.48299,54.00595],[23.48139,54.07902],[23.45364,54.14347],[23.37008,54.20046],[23.28233,54.24031],[23.1703,54.28144],[23.08751,54.29945],[23.04219,54.30418],[23.03196,54.32787],[23.01553,54.34836],[22.97672,54.36635],[22.89393,54.39053],[22.82375,54.39578],[22.76624,54.35679]],[[7.19732,53.28228],[7.18895,53.18719],[7.18993,52.9995],[7.17954,52.96622],[7.11706,52.887],[7.05087,52.74479],[7.03299,52.65136],[7.01314,52.63353],[6.74846,52.6341],[6.71073,52.61787],[6.70541,52.59767],[6.71879,52.57359],[6.71244,52.54966],[6.69161,52.53018],[6.70298,52.49922],[6.74882,52.46403],[6.83248,52.44228],[6.92204,52.44026],[6.96813,52.44411],[7.00183,52.41897],[7.03516,52.38021],[7.03263,52.33148],[7.0196,52.26603],[6.97728,52.2055],[6.85507,52.13578],[6.80034,52.11121],[6.74903,52.09868],[6.72448,52.08023],[6.71295,52.0569],[6.71564,52.0362],[6.80241,51.98019],[6.80034,51.9674],[6.77523,51.93828],[6.74184,51.91089],[6.51757,51.85394],[6.42496,51.85839],[6.37215,51.83001],[6.35572,51.82467],[6.29711,51.85074],[6.16653,51.88076],[6.11723,51.8704],[6.08984,51.85394],[6.00757,51.83399],[5.94876,51.80268],[5.94851,51.7624],[6.05274,51.65824],[6.08938,51.63778],[6.09113,51.59892],[6.14157,51.55008],[6.19325,51.4889],[6.19888,51.44999],[6.19283,51.41061],[6.16622,51.35485],[6.07584,51.22411],[6.07475,51.19905],[6.08245,51.17998],[6.11335,51.17471],[6.13692,51.16484],[6.12999,51.14742],[5.96106,51.05668],[5.9392,51.04081],[5.86841,51.04531],[5.8575,51.03012],[5.86717,51.00567],[5.89471,50.98423],[5.95512,50.97294],[6.00685,50.94997],[6.04845,50.9049],[5.99393,50.75044]],[[9.58022,47.05739],[9.59572,47.07583],[9.6105,47.10715],[9.6012,47.13206],[9.57185,47.15792],[9.55578,47.18549],[9.55108,47.21223],[9.54214,47.23415],[9.53681,47.25464],[9.52751,47.27076]],[[7.49311,43.76715],[7.49053,43.82296],[7.482,43.86489],[7.52267,43.91107],[7.5897,43.96543],[7.6515,44.03364],[7.67713,44.08315],[7.66504,44.11604],[7.63724,44.16485],[7.59946,44.16836],[7.3709,44.12738],[7.31855,44.13798],[7.14936,44.2017],[6.96725,44.28001],[6.90023,44.33574],[6.87486,44.39202],[6.89387,44.42819],[6.87858,44.46328],[6.84292,44.51069],[6.87517,44.56457],[6.93191,44.63164],[6.96033,44.67717],[7.00787,44.68898],[7.03071,44.7167],[6.99268,44.82729],[6.97284,44.84504],[6.93987,44.85876],[6.88933,44.86029],[6.80111,44.88315],[6.73822,44.92139],[6.72469,44.97302],[6.69141,45.0226],[6.63477,45.06818],[6.62769,45.11797],[6.69228,45.1443],[6.78034,45.14533],[6.8423,45.13564],[6.98121,45.21559],[7.03237,45.22259],[7.07836,45.23993],[7.11681,45.34904],[7.14637,45.38173],[7.15339,45.40095],[7.12611,45.42369],[7.01366,45.5005],[6.9624,45.58058],[6.88147,45.67034],[6.80623,45.71],[6.79093,45.74088],[6.78918,45.7801],[6.80447,45.81457],[6.9408,45.86836],[7.0211,45.92578]],[[28.96586,69.02199],[28.89894,69.00969],[28.69223,68.96101],[28.56604,68.92825],[28.41401,68.90417],[28.45349,68.87228],[28.70593,68.86554],[28.74484,68.85647],[28.77285,68.84004],[28.7776,68.81381],[28.75207,68.77144],[28.47933,68.53763],[28.47075,68.48838],[28.5601,68.35136],[28.68521,68.18979],[29.06296,68.11796],[29.34387,68.06187],[29.52417,67.92908],[29.82157,67.754],[29.97924,67.68858],[29.98807,67.66827],[29.94125,67.54748],[29.75062,67.4264],[29.57228,67.32437],[29.38775,67.20143],[29.24341,67.0966],[29.08699,66.97095],[29.06901,66.9302],[29.06627,66.89173],[29.09309,66.84923],[29.29323,66.69552],[29.37121,66.61702],[29.46433,66.53217],[29.54438,66.43972],[29.59073,66.35683],[29.67088,66.27614],[29.72065,66.23487],[29.80348,66.17707],[29.90343,66.09108],[29.9366,66.02297],[30.0875,65.78653],[30.10274,65.72627],[30.09535,65.68168],[30.029,65.67072],[29.88265,65.66364],[29.7239,65.63439],[29.71594,65.62457],[29.81945,65.56876],[29.72804,65.47342],[29.71481,65.33694],[29.61714,65.26534],[29.60799,65.24868],[29.61238,65.23478],[29.6297,65.22387],[29.81056,65.20475],[29.82622,65.18532],[29.82694,65.14507],[29.81087,65.10791],[29.72003,65.08032],[29.62251,65.03949],[29.60091,65.00195],[29.60422,64.96839],[29.63745,64.91175],[29.70168,64.84576],[29.78323,64.80431],[30.07282,64.76504],[30.11023,64.73259],[30.12615,64.68809],[30.12016,64.64463],[29.98559,64.55774],[29.98662,64.52428],[30.04187,64.44338],[30.10812,64.36612],[30.39068,64.28243],[30.48789,64.23654],[30.51378,64.20001],[30.52788,64.14112],[30.52608,64.0773],[30.50391,64.02059],[30.41533,63.94752],[30.21028,63.80334],[30.00409,63.74732],[29.99153,63.73518],[30.05541,63.68901],[30.41854,63.50403],[30.65527,63.41747],[30.97478,63.30063],[31.18087,63.20829],[31.24743,63.14188],[31.33672,63.06809],[31.43698,63.00773],[31.50927,62.95533],[31.5365,62.92164],[31.53402,62.88541],[31.43734,62.77612],[31.38241,62.69165],[31.28567,62.56781],[31.18676,62.48141],[30.93571,62.32379],[30.56561,62.12758],[30.47972,62.0682],[30.3065,61.96485],[30.00993,61.75737],[29.93319,61.71158],[29.69016,61.54611],[29.57941,61.49348],[29.49234,61.44423],[29.25163,61.28778],[28.99299,61.16903],[28.73905,61.05875],[28.66283,61.00284],[28.56811,60.96021],[28.45504,60.91964],[28.40744,60.89693],[28.15201,60.74583],[27.79766,60.53612],[27.731,60.45657]],[[30.86978,69.78344],[30.92414,69.65177],[30.92248,69.60583],[30.89665,69.56123],[30.86073,69.53842],[30.7889,69.52852],[30.61537,69.53255],[30.37968,69.58469],[30.22754,69.63379],[30.18015,69.63585],[30.15974,69.62986],[30.19653,69.58056],[30.18672,69.54278],[30.16377,69.5016],[30.13189,69.46424],[30.08729,69.43287],[29.99407,69.39246],[29.83273,69.36047],[29.38832,69.29815],[29.35302,69.27063],[29.20993,69.09702],[29.17086,69.07152],[29.11856,69.04995],[28.96586,69.02199]],[[16.51618,46.4999],[16.42766,46.5244],[16.32121,46.53463],[16.30121,46.5214],[16.25842,46.50789],[16.23677,46.48383],[16.2533,46.38911],[16.22741,46.37283],[16.10644,46.38221],[16.06649,46.37133],[16.00071,46.30539],[15.93332,46.27764],[15.84759,46.25787],[15.78429,46.23397],[15.70424,46.21325],[15.63598,46.20072],[15.609,46.17194],[15.59257,46.13997],[15.59691,46.10923],[15.66621,46.04851],[15.67561,45.98371],[15.66807,45.90446],[15.6522,45.86216],[15.62476,45.83402],[15.45408,45.79762],[15.27703,45.73261],[15.27295,45.71773],[15.35372,45.65993],[15.35698,45.64548],[15.29011,45.61267],[15.28354,45.57967],[15.29119,45.54154],[15.32669,45.50229],[15.33946,45.46704],[15.2421,45.44141],[15.11048,45.45079],[14.95457,45.49991],[14.9,45.49268],[14.84708,45.46735],[14.79308,45.47821],[14.7336,45.50849],[14.64947,45.57148],[14.60855,45.61008],[14.5918,45.65127],[14.56886,45.65721],[14.53403,45.64528],[14.50519,45.5952],[14.42737,45.50575],[14.3699,45.48146],[14.28298,45.48663],[14.16123,45.48513],[14.08558,45.47784],[13.99282,45.50944],[13.97034,45.50335],[13.97013,45.4826],[13.93561,45.44978],[13.87867,45.42839],[13.61522,45.47676],[13.57791,45.51689]],[[18.90539,45.93172],[18.90032,45.93172],[18.83299,45.91084],[18.72178,45.89937],[18.66597,45.90748],[18.56469,45.8133],[18.53358,45.79612],[18.4373,45.76734],[18.35829,45.75302],[18.29059,45.76444],[18.26393,45.76548],[17.96384,45.77028],[17.80716,45.79041],[17.70639,45.82725],[17.63968,45.86836],[17.60702,45.91379],[17.52919,45.94133],[17.40631,45.9511],[17.3106,45.99616],[17.24218,46.07662],[17.14958,46.14034],[17.03269,46.18731],[16.93998,46.25366],[16.87146,46.33929],[16.74805,46.41642],[16.56998,46.48499],[16.51618,46.4999]],[[20.24184,46.10861],[20.21017,46.12602],[20.16138,46.14189],[19.93411,46.16147],[19.8444,46.14589],[19.72451,46.15191],[19.61346,46.16917],[19.53073,46.15519],[19.45755,46.08737],[19.42127,46.06445],[19.3929,46.0498],[19.33022,46.02851],[19.27813,46.00288],[19.20842,45.98443],[19.14625,45.98701],[19.08734,46.01618],[19.06626,46.00952],[19.04765,45.98267],[19.01572,45.95973],[18.92787,45.93138],[18.90539,45.93172]],[[16.51618,46.4999],[16.50569,46.52207],[16.41846,46.60723],[16.38125,46.63865],[16.38456,46.68082],[16.3672,46.7048],[16.33547,46.72162],[16.31842,46.78252],[16.30849,46.82799],[16.28359,46.85727],[16.09305,46.86329]],[[28.01445,41.96907],[27.87921,41.98664],[27.83192,41.98129],[27.80164,41.95653],[27.73891,41.96152],[27.66119,41.96132],[27.57985,41.93289],[27.53484,41.92077],[27.47484,41.9469],[27.36291,42.02503],[27.2949,42.07955],[27.24436,42.09324],[27.19336,42.0771],[27.01172,42.05865],[26.96872,42.02684],[26.88485,41.99186],[26.80036,41.97516],[26.67923,41.96333],[26.61536,41.96488],[26.5797,41.94796],[26.54973,41.89672],[26.52932,41.84667],[26.51144,41.82636],[26.36039,41.80158],[26.32721,41.7728],[26.31801,41.74469],[26.32091,41.71658]],[[5.99393,50.75044],[6.00597,50.73223],[6.11945,50.67923],[6.15449,50.63727],[6.23598,50.59671],[6.16844,50.54534],[6.17867,50.5225],[6.20306,50.49911],[6.29494,50.4855],[6.34094,50.45175],[6.34362,50.40026],[6.3645,50.31615],[6.17505,50.23264],[6.12131,50.13937],[6.11651,50.12097]],[[10.45283,46.86494],[10.47939,46.85512],[10.57975,46.85373],[10.6893,46.84639],[10.75979,46.79332],[10.82893,46.77523],[10.92732,46.7695],[10.99326,46.77699],[11.02509,46.79699],[11.06349,46.85913],[11.13393,46.93618],[11.24441,46.97569],[11.43318,46.98308],[11.52754,46.99742],[11.62552,46.99656],[11.69937,46.98468],[11.77564,46.98607],[11.96948,47.03971],[12.16942,47.08214],[12.19717,47.07498],[12.20125,47.0609],[12.16549,47.02819],[12.13076,46.98478],[12.15412,46.93527],[12.26802,46.83588],[12.33013,46.75983],[12.38832,46.70265],[12.47917,46.6725],[12.59864,46.6541],[12.69982,46.64744],[12.80555,46.62589],[13.16874,46.57266],[13.35157,46.55793],[13.49006,46.55556],[13.69997,46.52026]],[[13.69997,46.52026],[13.67971,46.4629],[13.63713,46.44853],[13.56323,46.4151],[13.47849,46.36921],[13.39952,46.31753],[13.37818,46.2616],[13.39963,46.22496],[13.42102,46.2123],[13.44975,46.22351],[13.49177,46.21661],[13.54468,46.19656],[13.63248,46.17703],[13.63496,46.15775],[13.61656,46.1331],[13.54804,46.08913],[13.48644,46.03954],[13.48029,46.00923],[13.48768,45.98709],[13.50918,45.97378],[13.60054,45.97978],[13.61398,45.96169],[13.56964,45.83413],[13.58344,45.81237],[13.66349,45.79199],[13.72167,45.76126],[13.83118,45.68042],[13.87474,45.61484],[13.84477,45.59285],[13.77593,45.58197],[13.71987,45.58758]],[[1.42832,42.5959],[1.34946,42.69068],[1.29329,42.70995],[1.20833,42.71316],[1.11118,42.74204],[1.01005,42.77894],[0.76443,42.83803],[0.69684,42.84514],[0.66981,42.83573],[0.65177,42.80044],[0.64201,42.70065],[0.63162,42.68962],[0.51767,42.68626],[0.37727,42.70013],[0.31285,42.69326],[0.25552,42.6929],[0.20141,42.71936],[-0.04115,42.68913],[-0.08149,42.70388],[-0.14001,42.74892],[-0.20533,42.78532],[-0.25608,42.80398],[-0.2993,42.82532],[-0.33855,42.82883],[-0.39845,42.80809],[-0.48115,42.7993],[-0.54981,42.80199],[-0.58644,42.79899],[-0.74018,42.90953],[-0.76266,42.93981],[-0.83919,42.94821],[-0.93384,42.9495],[-1.17545,43.02112],[-1.28547,43.05962],[-1.30154,43.08246],[-1.30004,43.10096],[-1.31883,43.09696],[-1.35273,43.06425],[-1.37053,43.03758],[-1.39404,43.03262],[-1.42877,43.03675],[-1.46086,43.05177],[-1.4805,43.07114],[-1.45941,43.10497],[-1.42262,43.1491],[-1.40735,43.19711],[-1.41071,43.2401],[-1.47171,43.26767],[-1.56148,43.27922],[-1.62713,43.28247],[-1.71284,43.30705],[-1.75327,43.32469],[-1.79273,43.37255],[-1.79402,43.40732]],[[1.42832,42.5959],[1.45886,42.62169],[1.50134,42.64272],[1.56815,42.63499],[1.7099,42.60443],[1.73946,42.57593],[1.74018,42.55673],[1.71393,42.52562],[1.70603,42.5033]],[[1.70603,42.5033],[1.85971,42.4571],[1.92798,42.4263],[1.95149,42.39276],[1.98653,42.3585],[2.03267,42.35354],[2.0983,42.3861],[2.20041,42.42093],[2.37446,42.39028],[2.56799,42.34581],[2.65165,42.34049],[2.65475,42.36209],[2.67,42.39302],[2.70188,42.40847],[2.74942,42.41302],[2.81557,42.42925],[2.89138,42.45607],[2.97003,42.46723],[3.05266,42.44723],[3.15219,42.431],[3.21141,42.43116]],[[1.42832,42.5959],[1.41483,42.54841],[1.42196,42.53082],[1.43028,42.49787],[1.42816,42.46131],[1.44883,42.43744],[1.48619,42.43446],[1.53405,42.4417],[1.58639,42.45596],[1.67848,42.49666],[1.70603,42.5033]],[[20.96428,40.84991],[21.10004,40.85616],[21.14758,40.86314],[21.32369,40.86714],[21.40415,40.90719],[21.4597,40.9036],[21.57577,40.86893],[21.6275,40.89632],[21.77948,40.95045],[21.92944,41.10741],[21.99331,41.13098],[22.13884,41.14054],[22.18447,41.15862],[22.23769,41.15516],[22.40078,41.12341],[22.49354,41.11852],[22.60361,41.1402],[22.72479,41.17852],[22.75513,41.31272],[22.78386,41.332],[22.85926,41.33737],[22.916,41.33629]],[[21.56083,42.24768],[21.38953,42.2198],[21.3317,42.18717],[21.29754,42.13009],[21.28664,42.1004],[21.2563,42.0995],[21.20608,42.12895],[21.14251,42.175],[21.05973,42.17128],[20.77809,42.07102],[20.75039,42.01837],[20.74419,41.90432],[20.72497,41.87352],[20.69489,41.8538],[20.57852,41.86623],[20.56617,41.8737]],[[22.34404,42.31395],[22.31743,42.32171],[22.27707,42.34984],[22.23971,42.35814],[22.14669,42.32501],[22.05202,42.30465],[21.9775,42.32005],[21.90412,42.32207],[21.85306,42.30837],[21.81462,42.3031],[21.73927,42.2677],[21.61825,42.24212],[21.56083,42.24768]],[[22.34404,42.31395],[22.42207,42.32886],[22.44569,42.35912],[22.52351,42.44098],[22.5324,42.48118],[22.52424,42.50389],[22.47204,42.54329],[22.43623,42.6291],[22.46326,42.70949],[22.46564,42.75078],[22.43923,42.79165],[22.46677,42.8425],[22.52279,42.8703],[22.55809,42.87847],[22.70619,42.88392],[22.79988,42.98575],[22.85688,43.01825],[22.91522,43.07598],[22.9423,43.09706],[22.96798,43.14202],[22.97682,43.18801],[22.85962,43.25235],[22.81967,43.30072],[22.76753,43.35415],[22.69694,43.39105],[22.55462,43.45451],[22.49912,43.51884],[22.47411,43.60225],[22.43628,43.6655],[22.39484,43.70663],[22.38688,43.74012],[22.36962,43.78128],[22.36538,43.8621],[22.39908,43.96954],[22.42083,44.00744],[22.46905,44.01804],[22.59741,44.07529],[22.60341,44.14857],[22.62656,44.1941],[22.66748,44.2202],[22.70511,44.23779]],[[22.916,41.33629],[22.92969,41.35608],[22.9515,41.60563],[23.00566,41.71696],[23.00364,41.73983],[22.99196,41.75719],[22.94395,41.7751],[22.90918,41.8352],[22.83678,41.99361],[22.79606,42.0257],[22.68232,42.05914],[22.58274,42.10482],[22.49824,42.1651],[22.34404,42.31395]],[[18.43637,42.55973],[18.43808,42.52296],[18.47668,42.4811],[18.51745,42.43291]],[[18.43637,42.55973],[18.34661,42.58665],[18.30398,42.59942],[18.12389,42.69057],[18.04451,42.74127],[17.91883,42.80741],[17.84127,42.84506],[17.80199,42.90224],[17.74024,42.91547],[17.66758,42.89712]],[[20.34437,42.82795],[20.46886,42.8579],[20.48684,42.87906],[20.45842,42.92456],[20.47506,42.95304],[20.62399,43.03417],[20.64854,43.07096],[20.65758,43.09985],[20.63763,43.13039],[20.60963,43.1784],[20.62317,43.19863],[20.70058,43.22635],[20.76342,43.2586],[20.80062,43.26108],[20.82377,43.23793],[20.82377,43.21395],[20.84444,43.17344],[20.89075,43.15166],[20.96769,43.11602],[21.05704,43.09169],[21.12701,43.04301],[21.22261,42.95622],[21.23708,42.91322],[21.32317,42.8747],[21.40307,42.83152],[21.39066,42.75142],[21.66248,42.6815],[21.72387,42.68197],[21.75292,42.6698],[21.75219,42.65151],[21.73064,42.59546],[21.61907,42.42325],[21.60988,42.38744],[21.52998,42.35003],[21.51892,42.32842],[21.54156,42.28083],[21.56331,42.24618]],[[20.34437,42.82795],[20.21513,42.79883],[20.1926,42.75465],[20.13002,42.75977],[20.05426,42.76008],[20.02951,42.73202],[20.06568,42.68582],[20.08924,42.63156],[20.07033,42.55709],[20.06397,42.54727]],[[19.19436,43.53331],[19.19162,43.52104],[19.19643,43.48499],[19.21875,43.44996],[19.29828,43.41394],[19.41466,43.34283],[19.55155,43.21225],[19.61444,43.17344],[19.67103,43.16395],[19.78115,43.10977],[19.85804,43.09654],[19.94403,43.08166],[20.1679,42.96849],[20.26846,42.93547],[20.33998,42.89289],[20.34763,42.85279],[20.34437,42.82795]],[[20.62218,69.03687],[20.89509,68.97982],[20.90708,68.96747],[20.90894,68.93776],[20.91855,68.90693],[21.18344,68.82882],[21.25977,68.78743],[21.42239,68.72459],[21.46539,68.69069],[21.61602,68.65098],[21.72403,68.60853],[21.85022,68.57411],[21.99745,68.52062],[22.19516,68.47797],[22.36208,68.46404],[22.78241,68.39102],[22.85414,68.36735],[22.97542,68.31645],[23.0979,68.25759],[23.18254,68.13662],[23.31856,68.13031],[23.3555,68.08869],[23.47426,68.01735],[23.6389,67.95438],[23.6329,67.93319],[23.50185,67.87521],[23.4878,67.79656],[23.5002,67.6962],[23.54128,67.61432],[23.53699,67.5904],[23.50454,67.56216],[23.46547,67.51787],[23.45147,67.47919],[23.45493,67.46028],[23.46806,67.44997],[23.53715,67.44916],[23.66081,67.44002],[23.73357,67.42291],[23.77491,67.32863],[23.76091,67.31052],[23.65662,67.26783],[23.62608,67.23393],[23.62309,67.18414],[23.64153,67.12939],[23.6774,67.06813],[23.75894,67.00258],[23.86932,66.93403],[23.94183,66.87783],[23.97609,66.83822],[23.98854,66.81052],[23.93888,66.77572],[23.89418,66.70688],[23.88581,66.62805],[23.8655,66.57661],[23.7684,66.50586],[23.70112,66.48075],[23.682,66.44339],[23.67383,66.3807],[23.69352,66.3043],[23.70029,66.25265],[23.72096,66.21544],[23.75145,66.19115],[23.90731,66.14826],[23.99464,66.06036],[24.049,65.98982],[24.15551,65.80529],[24.13003,65.75919],[24.15866,65.71831],[24.18998,65.65248],[24.18832,65.60747],[24.11603,65.5052]],[[4.22613,51.38648],[4.21145,51.34875],[4.17259,51.3071],[4.03999,51.24708],[3.90207,51.20768],[3.83075,51.21258],[3.78192,51.2332],[3.75567,51.25486],[3.68182,51.27568],[3.58028,51.28617],[3.51713,51.26364],[3.47196,51.24225],[3.43248,51.24576],[3.40282,51.26364],[3.38008,51.29113],[3.35011,51.37769]],[[5.99393,50.75044],[5.7974,50.75453],[5.74707,50.75959],[5.69364,50.77468],[5.66909,50.80594],[5.63948,50.84362],[5.64754,50.86666],[5.73663,50.93214],[5.74996,50.95022],[5.74082,50.95991],[5.74976,50.98875],[5.81828,51.08642],[5.82712,51.12564],[5.79647,51.15305],[5.75239,51.16949],[5.60878,51.19845],[5.54042,51.2393],[5.50874,51.27501],[5.47685,51.28504],[5.42978,51.27299],[5.31087,51.25971],[5.21418,51.27896],[5.09988,51.34648],[5.07342,51.40681],[5.05946,51.45314],[5.03094,51.46911],[4.99259,51.44536],[4.94392,51.40777],[4.84806,51.40327],[4.82067,51.41206],[4.81607,51.43283],[4.81059,51.45273],[4.78418,51.47737],[4.75566,51.4911],[4.63396,51.42172],[4.5888,51.42193],[4.53169,51.44859],[4.50343,51.47469],[4.4409,51.4598],[4.38478,51.42761],[4.404,51.3671],[4.37372,51.35599],[4.30447,51.36152],[4.22613,51.38648]],[[6.3443,49.45274],[6.38228,49.45814],[6.45814,49.44285],[6.53431,49.39466],[6.56635,49.34621],[6.57467,49.31968],[6.60759,49.29087],[6.73543,49.16062],[6.77626,49.15416],[6.8207,49.17395],[6.84954,49.20196],[6.89119,49.20754],[6.95831,49.19462],[7.00146,49.17987],[7.02214,49.12346],[7.03671,49.11271],[7.06575,49.12486],[7.11737,49.12754],[7.1999,49.11364],[7.31338,49.12956],[7.40423,49.15307],[7.45053,49.15219],[7.52552,49.08636],[7.61094,49.06176],[7.79919,49.04192],[8.00125,49.01096],[8.08062,48.98587],[8.13483,48.9736],[8.14031,48.88642],[8.12398,48.8733],[7.92275,48.69853],[7.83795,48.63605],[7.7948,48.54683],[7.76514,48.41002],[7.70571,48.28005],[7.61662,48.1568],[7.58417,48.0643],[7.60846,48.00257],[7.59326,47.90566],[7.53859,47.77362],[7.52939,47.67389],[7.56546,47.60655],[7.61559,47.5927]],[[9.524,47.52421],[9.34995,47.59893],[9.18283,47.67068],[9.12754,47.67068],[8.88114,47.65639],[8.87401,47.66267],[8.83112,47.7036],[8.79309,47.71657],[8.77014,47.7099],[8.75479,47.69807],[8.72828,47.70006],[8.6179,47.7661],[8.57263,47.77564],[8.50985,47.76688],[8.4358,47.73135],[8.40345,47.68779],[8.41326,47.6627],[8.45171,47.65182],[8.55233,47.65913],[8.56705,47.65192],[8.57046,47.63779],[8.55951,47.62402],[8.47765,47.6127],[8.45404,47.59619],[8.43006,47.59213],[8.41476,47.5896],[8.32779,47.60691],[8.19829,47.60691],[8.0938,47.57617],[7.92709,47.56384],[7.69806,47.56989],[7.61559,47.5927]],[[9.52751,47.27076],[9.60906,47.39178],[9.6259,47.46703],[9.55438,47.51116],[9.524,47.52421]],[[9.58022,47.05739],[9.50229,47.06273],[9.48772,47.06224],[9.47945,47.09751],[9.48431,47.17268],[9.52751,47.27076]],[[7.0211,45.92578],[7.00389,45.95885],[6.95372,46.01714],[6.89728,46.05174],[6.85806,46.08938],[6.80571,46.13067],[6.77202,46.16514],[6.81677,46.27521],[6.78417,46.31394],[6.76742,46.36919],[6.77605,46.40665],[6.75807,46.41577],[6.57823,46.43737],[6.42889,46.4305],[6.32192,46.39371],[6.23469,46.33262],[6.2242,46.31945],[6.22957,46.30844],[6.27298,46.25227],[6.19939,46.19305],[6.08658,46.147],[6.00669,46.14235],[5.9715,46.15124],[5.97,46.2147],[6.03615,46.23811],[6.09589,46.2794],[6.11594,46.33764],[6.12322,46.37859],[6.06023,46.42817],[6.06798,46.45853],[6.107,46.51608],[6.12973,46.56698],[6.16079,46.61106],[6.28513,46.68304],[6.41013,46.75544],[6.42899,46.83228],[6.4386,46.92587],[6.45623,46.94832],[6.62485,47.00437],[6.66691,47.02654],[6.68805,47.05826],[6.82065,47.16317],[6.95206,47.26719],[6.97847,47.30205],[7.00064,47.32251],[7.00053,47.33944],[6.98405,47.35256],[6.92147,47.36122],[6.90039,47.39421],[6.96839,47.45323],[7.05345,47.48935],[7.13603,47.48987],[7.16921,47.47323],[7.16745,47.45369],[7.20311,47.43271],[7.26574,47.42579],[7.34315,47.43313],[7.42004,47.45519],[7.46743,47.50764],[7.49487,47.54738],[7.61559,47.5927]],[[-7.40613,37.17944],[-7.46716,37.42805],[-7.49605,37.52358],[-7.50349,37.58551],[-7.44396,37.72827],[-7.3789,37.78638],[-7.29224,37.90647],[-7.18542,38.00636],[-7.07251,38.03003],[-7.02285,38.04471],[-6.98109,38.12196],[-6.95755,38.1879],[-6.97479,38.19441],[-7.10641,38.181],[-7.34301,38.45742],[-7.3358,38.50147],[-7.30598,38.56685],[-7.28637,38.64937],[-7.28154,38.71454],[-7.21994,38.7705],[-7.1255,38.82696],[-7.04605,38.90706],[-7.00626,38.98527],[-6.99797,39.05645],[-7.04298,39.1071],[-7.1724,39.13521],[-7.30578,39.33812],[-7.33544,39.46514],[-7.36267,39.47834],[-7.44512,39.53617],[-7.52421,39.64471],[-7.53568,39.66156],[-7.45409,39.68068],[-7.11767,39.68169],[-7.04742,39.70556],[-7.03675,39.71396],[-6.97541,39.7984],[-6.91117,39.9371],[-6.89611,40.02182],[-6.91639,40.05683],[-7.02781,40.14264],[-7.03261,40.16791],[-7.01468,40.20835],[-6.94843,40.2516],[-6.85888,40.30074],[-6.81015,40.34312],[-6.82177,40.37624],[-6.84792,40.41097],[-6.85206,40.44327],[-6.83568,40.48314],[-6.82984,40.61907],[-6.81836,40.65406],[-6.83588,40.77751],[-6.85774,40.87833],[-6.92846,41.00915],[-6.91554,41.03804],[-6.8828,41.0624],[-6.77578,41.10772],[-6.69015,41.21449],[-6.56592,41.30373],[-6.40314,41.37541],[-6.28935,41.45504],[-6.24432,41.51592],[-6.21251,41.53204],[-6.22171,41.56046],[-6.24313,41.6018],[-6.30806,41.64221],[-6.39172,41.66536],[-6.48469,41.66438],[-6.54218,41.6725],[-6.559,41.70407],[-6.55259,41.78954],[-6.5575,41.87414],[-6.57533,41.9131],[-6.61827,41.9424],[-6.70359,41.93457],[-6.77728,41.95847],[-6.83322,41.96416],[-6.86554,41.94524],[-7.03044,41.95064],[-7.09912,41.96421],[-7.14713,41.98113],[-7.17793,41.9717],[-7.19534,41.95522],[-7.19831,41.92938],[-7.20961,41.89527],[-7.26854,41.86442],[-7.4036,41.83367],[-7.51259,41.836],[-7.61258,41.85796],[-7.6447,41.87398],[-7.69304,41.88845],[-7.89639,41.87057],[-7.92085,41.88365],[-7.99095,41.85192],[-8.09441,41.81422],[-8.15249,41.81197],[-8.17353,41.81998],[-8.18123,41.83698],[-8.22474,41.89584],[-8.21332,41.92708],[-8.12996,42.01818],[-8.13932,42.03997],[-8.17358,42.0694],[-8.20417,42.11185],[-8.21306,42.13371],[-8.26608,42.13738],[-8.32256,42.1151],[-8.5381,42.06932],[-8.58968,42.05273],[-8.68295,42.00852],[-8.77713,41.94108]],[[13.81474,48.76695],[13.80291,48.74752],[13.79748,48.68643],[13.79888,48.62168],[13.78534,48.58747],[13.72395,48.54236],[13.69217,48.53277],[13.67517,48.52303],[13.48665,48.58184],[13.47172,48.57182],[13.45983,48.56453],[13.40934,48.39415],[13.37456,48.36136],[13.32284,48.33126],[13.21525,48.30191],[13.14047,48.28992],[13.08213,48.27509],[12.89744,48.2037],[12.81424,48.16086],[12.76039,48.10699],[12.76003,48.07598],[12.84989,47.98482],[12.95356,47.89062],[12.95418,47.80778],[12.90829,47.74582],[12.89764,47.72189],[12.92813,47.71282],[12.98549,47.70941],[13.03355,47.69874],[13.05407,47.65513],[13.04792,47.57916],[13.03154,47.508],[13.01433,47.47808],[12.96803,47.47568],[12.87894,47.50645],[12.80938,47.54216],[12.78282,47.56418],[12.78116,47.59045],[12.79615,47.60702],[12.7714,47.63939],[12.68587,47.66931],[12.5942,47.65629],[12.52661,47.63614],[12.48289,47.6373],[12.43576,47.66611],[12.3632,47.6882],[12.26833,47.70275],[12.20931,47.71828],[12.19691,47.70908],[12.20383,47.64673],[12.18564,47.61952],[11.71684,47.58348],[11.5739,47.54973],[11.46993,47.50609],[11.39293,47.48718],[11.37412,47.46026],[11.29795,47.42491],[11.21196,47.41364],[11.19118,47.42519],[11.13604,47.40886],[11.04194,47.3931],[10.98086,47.39817],[10.95213,47.42672],[10.89394,47.47044],[10.87058,47.50077],[10.87306,47.5202],[10.7416,47.5241],[10.65871,47.54723],[10.48285,47.5418],[10.43945,47.55157],[10.43035,47.54105],[10.40394,47.41698],[10.36911,47.36605],[10.31279,47.31344],[10.24059,47.28414],[10.18303,47.27882],[10.18577,47.31716],[10.20029,47.36341],[10.15879,47.37427],[10.09647,47.37959],[10.06634,47.39333],[10.07425,47.42853],[10.05983,47.44909],[10.0341,47.47359],[9.97162,47.50532],[9.83917,47.55229],[9.74889,47.57555],[9.7151,47.55077],[9.65061,47.52588],[9.54891,47.53405],[9.524,47.52421]],[[16.09305,46.86329],[16.03719,46.84484],[15.97683,46.80138],[15.98045,46.70586],[15.97229,46.6972],[15.95766,46.67762],[15.76692,46.71126],[15.76026,46.71077],[15.63267,46.69844],[15.54534,46.65462],[15.4393,46.62966],[15.21704,46.64299],[15.00067,46.62599],[14.94945,46.61323],[14.89328,46.60592],[14.84057,46.58049],[14.8106,46.5446],[14.75675,46.49913],[14.68017,46.46344],[14.59697,46.43608],[14.57713,46.41293],[14.54984,46.3997],[14.50354,46.41706],[14.46592,46.41611],[14.41993,46.42792],[14.26727,46.44073],[14.09953,46.46192],[14.01964,46.48218],[13.92879,46.4982],[13.83138,46.51122],[13.744,46.51432],[13.69997,46.52026]],[[18.43637,42.55973],[18.45394,42.56448],[18.48004,42.57918],[18.53492,42.62014],[18.54593,42.64158],[18.54329,42.67419],[18.46604,42.77723],[18.45503,42.8441],[18.44387,42.96844],[18.46014,42.99789],[18.48846,43.01216],[18.6236,43.02768],[18.62184,43.1246],[18.63001,43.15365],[18.65688,43.19393],[18.67424,43.23082],[18.74922,43.28353],[18.85108,43.34635],[18.89562,43.34821],[18.93469,43.33945],[18.97867,43.28542],[19.02667,43.29245],[19.0367,43.3573],[18.97386,43.44239],[18.94022,43.49673],[18.95071,43.52667],[18.97417,43.54236],[19.02833,43.53251],[19.08006,43.51771],[19.11277,43.52776],[19.16434,43.53543],[19.19436,43.53331]],[[19.19436,43.53331],[19.25446,43.58437],[19.30077,43.59181],[19.3603,43.59346],[19.39962,43.56757],[19.45125,43.56204],[19.47998,43.59517],[19.49507,43.64287],[19.48814,43.70356],[19.36402,43.84477],[19.25725,43.94331],[19.24506,43.96502],[19.26811,43.98347],[19.30531,43.99336],[19.34521,43.98509],[19.44939,43.97801],[19.54954,43.98713],[19.58369,44.01109],[19.58375,44.04346],[19.54716,44.07349],[19.43021,44.15451],[19.3389,44.22583],[19.23152,44.28055],[19.15183,44.30252],[19.12837,44.33027],[19.11845,44.35998],[19.12734,44.41458],[19.1324,44.4838],[19.15132,44.52733],[19.22315,44.60955],[19.29188,44.69676],[19.33451,44.78068],[19.35689,44.85855],[19.34862,44.88093],[19.3127,44.89744],[19.23679,44.91426],[19.13153,44.89959],[19.04207,44.87132],[19.00714,44.8692],[18.9413,44.86517],[18.8364,44.88326],[18.78834,44.91488],[18.78018,44.94721],[18.7794,44.97723],[18.74607,45.0265],[18.66256,45.07746],[18.48831,45.08585],[18.42392,45.102],[18.35757,45.12055],[18.28496,45.1343],[18.21794,45.13293],[18.13722,45.11937],[17.9963,45.14182],[17.9486,45.11187],[17.87439,45.07725],[17.81279,45.0781],[17.69011,45.15838],[17.65348,45.1635],[17.54625,45.12257],[17.50263,45.12035],[17.46915,45.13332],[17.32414,45.16396],[17.25872,45.17058],[17.21066,45.15606],[17.12539,45.17177],[16.91869,45.27656],[16.79079,45.19685],[16.5307,45.21672],[16.4535,45.162],[16.36503,45.05834],[16.2934,45.00883],[16.23103,45.02661],[16.15729,45.07224],[16.02836,45.18959],[15.96319,45.21081],[15.88826,45.21574],[15.82289,45.20277],[15.78811,45.17895],[15.7615,45.00751],[15.73799,44.85641],[15.73664,44.76579],[15.88004,44.68195],[16.04908,44.53759],[16.10344,44.521],[16.13031,44.47372],[16.16985,44.35202],[16.21424,44.21513],[16.30012,44.12449],[16.37753,44.05964],[16.47205,44.00259],[16.59049,43.91319],[16.68769,43.81505],[16.71343,43.77883],[16.90189,43.64902],[17.08462,43.51657],[17.24807,43.47022],[17.27381,43.44577],[17.27526,43.34387],[17.29303,43.30563],[17.40222,43.19891],[17.6248,43.04275],[17.65053,43.00657],[17.65776,42.98006],[17.64345,42.95976],[17.58511,42.93836]],[[19.00714,44.8692],[18.99546,44.90403],[19.00952,44.91938],[19.03758,44.91752],[19.06052,44.91101],[19.08527,44.92677],[19.10005,44.97379],[19.06285,45.13719],[19.12972,45.15171],[19.13075,45.17549],[19.13695,45.19623],[19.20599,45.16779],[19.30304,45.16727],[19.3881,45.17301],[19.40102,45.18908],[19.39998,45.21249],[19.38231,45.23062],[19.35224,45.24543],[19.33027,45.26809],[19.27281,45.27796],[19.09308,45.33692],[19.00466,45.3995],[19.00766,45.4658],[19.03329,45.50218],[19.06429,45.515],[19.0551,45.52725],[18.95371,45.55799],[18.91784,45.60083],[18.9473,45.65582],[18.89449,45.7671],[18.83909,45.83576],[18.89356,45.86552],[18.9011,45.90764],[18.90539,45.93172]],[[16.95311,48.59884],[16.98525,48.6769],[17.06333,48.78074],[17.13563,48.84105],[17.18844,48.86095],[17.29686,48.84283],[17.48258,48.82777],[17.62542,48.84183],[17.75853,48.88813],[17.83088,48.92859],[17.89269,48.97112],[17.9133,48.99874],[17.94075,49.01194],[18.05087,49.03654],[18.08596,49.06512],[18.10043,49.11933],[18.10999,49.17979],[18.13262,49.22457],[18.16094,49.25736],[18.3648,49.33624],[18.3831,49.36394],[18.41586,49.39091],[18.47611,49.42112],[18.53456,49.46468],[18.59652,49.49145],[18.6762,49.48845],[18.74974,49.49401],[18.80705,49.50923],[18.83222,49.51078]],[[17.14736,48.00596],[17.08597,48.03957],[17.06788,48.08327],[16.97264,48.19809],[16.86546,48.38692],[16.86267,48.44141],[16.90448,48.50353],[16.94339,48.55094],[16.94887,48.58856],[16.95311,48.59884]],[[17.14736,48.00596],[17.17459,48.01206],[17.27727,48.00433],[17.30151,47.99335],[17.31732,47.9909],[17.48062,47.88762],[17.63529,47.8099],[17.76189,47.77016],[17.94798,47.7669],[18.14559,47.76342],[18.47627,47.77698],[18.72421,47.78716],[18.74059,47.80651],[18.77801,47.85289],[18.74834,47.89268],[18.7501,47.93945],[18.79186,48.00027],[18.91412,48.05081],[19.26511,48.07303],[19.46696,48.11071],[19.4975,48.16213],[19.56421,48.21282],[19.6254,48.2231],[19.70922,48.1998],[19.81009,48.15502],[19.89861,48.13133],[19.95039,48.14662],[20.12862,48.22202],[20.33378,48.29555],[20.47496,48.4951],[20.49,48.52691],[20.64311,48.5497],[20.86661,48.54567],[20.98118,48.51967],[21.06732,48.50593],[21.19636,48.51061],[21.3824,48.55347],[21.45133,48.55223],[21.50466,48.5219],[21.56316,48.49572],[21.60264,48.46366],[21.63251,48.41849],[21.64858,48.40149],[21.67463,48.37837],[21.7215,48.34656],[21.76697,48.33811],[22.11134,48.39338],[22.13186,48.40531]],[[14.80941,50.85896],[14.81422,50.87165],[14.91747,51.00872],[14.96382,51.09512],[15.01663,51.25274],[14.95307,51.37712],[14.93555,51.43536],[14.90599,51.46332],[14.72471,51.52388],[14.71092,51.54492],[14.73867,51.62713],[14.72487,51.6617],[14.68131,51.69819],[14.62394,51.77079],[14.60162,51.83239],[14.6749,51.90482],[14.69298,51.95802],[14.72477,52.03088],[14.74812,52.0708],[14.75257,52.08183],[14.70461,52.1102],[14.69236,52.15005],[14.70539,52.20746],[14.67986,52.24999],[14.61568,52.27764],[14.57392,52.31417],[14.5546,52.35965],[14.56968,52.43109],[14.6194,52.5285],[14.51403,52.64562],[14.25368,52.78251],[14.12863,52.87822],[14.13886,52.93287],[14.19369,52.98235],[14.29322,53.02674],[14.36856,53.10554],[14.41093,53.19903],[14.41233,53.21675],[14.41455,53.28352],[14.29869,53.55642],[14.27988,53.62474],[14.26609,53.70711],[14.19823,53.91906],[14.21141,53.95035]],[[22.87662,47.94725],[22.8561,47.9603],[22.84649,47.99704],[22.85724,48.02955],[22.83621,48.0603],[22.78221,48.0952],[22.76918,48.10962],[22.70154,48.10701],[22.68314,48.10363],[22.67632,48.1044],[22.58243,48.13401],[22.52016,48.20538],[22.42383,48.24331],[22.35019,48.25605],[22.31671,48.28664],[22.2951,48.32728],[22.27216,48.358],[22.26947,48.3609],[22.25376,48.40738],[22.23113,48.41214],[22.2271,48.41343],[22.13186,48.40531]],[[28.58531,43.74224],[28.42346,43.74048],[28.3752,43.7448],[28.22198,43.77283],[28.05,43.82239],[27.94892,43.91861],[27.88427,43.98734],[27.7386,43.95631],[27.71079,43.9646],[27.6709,43.99778],[27.56104,44.02005],[27.42533,44.02052],[27.12065,44.14614],[27.08691,44.16741],[26.84775,44.14619],[26.48922,44.08398],[26.2158,44.00729],[25.93344,43.87055],[25.81882,43.76684],[25.68611,43.71175],[25.49708,43.6708],[25.15963,43.68633],[24.80818,43.73842],[24.43058,43.79438],[24.22677,43.76348],[23.95077,43.78666],[23.53456,43.85358],[23.22461,43.87389],[22.91905,43.83446],[22.86768,43.86456],[22.85641,43.89903],[22.8683,43.94789],[22.91129,43.98719],[22.9854,44.017],[23.02447,44.04723],[23.0285,44.07798],[22.9454,44.12728],[22.77518,44.19524],[22.70511,44.23779]],[[20.24184,46.10861],[20.30132,46.05068],[20.35858,45.97549],[20.43796,45.94076],[20.53258,45.89952],[20.58115,45.8695],[20.65272,45.7794],[20.70926,45.73524],[20.72786,45.73742],[20.74688,45.74899],[20.76011,45.75809],[20.77499,45.74982],[20.77582,45.72253],[20.77928,45.66199],[20.76579,45.59745],[20.78605,45.5365],[20.78657,45.51748],[20.77251,45.50012],[20.77416,45.48441],[20.79401,45.46787],[20.8708,45.42756],[20.9418,45.36532],[21.02386,45.32152],[21.09993,45.29354],[21.14789,45.29176],[21.22644,45.24132],[21.38178,45.2051],[21.43149,45.19254],[21.46539,45.17187],[21.49019,45.14789],[21.49185,45.12226],[21.46787,45.10986],[21.43449,45.07516],[21.42074,45.03296],[21.39593,45.02221],[21.37113,45.02139],[21.35294,45.00898],[21.35707,44.99079],[21.37774,44.97343],[21.40999,44.95772],[21.472,44.94201],[21.53319,44.91886],[21.53236,44.90067],[21.51996,44.88083],[21.44224,44.87339],[21.38436,44.87008],[21.3579,44.86181],[21.36007,44.82667]],[[22.916,41.33629],[23.0256,41.32564],[23.15598,41.32208],[23.23985,41.38497],[23.37204,41.38964],[23.43343,41.39871],[23.5358,41.38605],[23.63518,41.38678],[23.7623,41.41298],[23.8809,41.45595],[23.9735,41.4523],[24.01138,41.46005],[24.03288,41.4691],[24.05603,41.52723],[24.23039,41.5308],[24.2894,41.52504],[24.38676,41.52354],[24.48794,41.55524],[24.51822,41.55255],[24.56928,41.46739],[24.596,41.44274],[24.65103,41.41995],[24.77371,41.35608],[24.79583,41.3729],[24.84689,41.39422],[24.99354,41.36497],[25.13338,41.31577],[25.25115,41.24353],[25.38194,41.26435],[25.52705,41.2998],[25.62152,41.31009],[25.72394,41.31505],[25.78492,41.33042],[25.92331,41.3119],[26.06635,41.35068],[26.13534,41.38574],[26.15518,41.43489],[26.1436,41.52155],[26.1112,41.60821],[26.07699,41.6402],[26.06599,41.67322],[26.08557,41.70417],[26.10738,41.72567],[26.2006,41.74378],[26.32091,41.71658],[26.41051,41.69632],[26.4625,41.6634],[26.49505,41.63325],[26.54451,41.60723],[26.58135,41.60129],[26.60978,41.51214],[26.62487,41.40176],[26.60239,41.35414],[26.5364,41.34314],[26.33062,41.23878],[26.32566,41.14328],[26.32845,41.09703],[26.33258,41.06432],[26.35408,41.03677],[26.35413,40.99708],[26.33109,40.9545],[26.24122,40.88322],[26.1789,40.8265],[26.10919,40.74966],[26.06976,40.7403],[26.03896,40.72677]],[[20.06397,42.54727],[20.04573,42.54991],[19.93907,42.50671],[19.8598,42.48635],[19.78828,42.47617],[19.75448,42.49694],[19.73779,42.52516],[19.74074,42.60691],[19.72782,42.63453],[19.70338,42.64797],[19.65444,42.62859],[19.59744,42.56544],[19.54457,42.49195],[19.4651,42.41537],[19.39957,42.34191],[19.32898,42.24926],[19.28071,42.17257],[19.33084,42.12929],[19.36143,42.06911],[19.35213,42.02402],[19.36112,41.99775],[19.34547,41.91886],[19.34242,41.86907]],[[26.61898,48.25985],[26.7138,48.26346],[26.78729,48.25581],[26.90097,48.21111],[26.98076,48.15505],[27.01223,48.1105],[27.08034,48.04766],[27.15207,47.9593],[27.23082,47.84173],[27.24814,47.78225],[27.27795,47.71797],[27.33686,47.63975],[27.44926,47.55312],[27.46481,47.53669],[27.51587,47.47563],[27.61411,47.34055],[27.69617,47.28642],[27.76795,47.22758],[27.80237,47.16831],[27.85384,47.11449],[27.97419,47.04323],[28.07181,46.97842],[28.14994,46.79208],[28.20472,46.7064],[28.2395,46.64082],[28.2226,46.50807],[28.24435,46.45127],[28.19965,46.34756],[28.11919,46.13868],[28.09971,45.97259],[28.11356,45.88304],[28.11552,45.82552],[28.13495,45.78886],[28.1563,45.71308],[28.15981,45.64714],[28.13082,45.62827],[28.09031,45.61275],[28.0747,45.59897],[28.11196,45.56916],[28.16255,45.51376],[28.21247,45.45046]],[[22.87662,47.94725],[22.91284,47.96428],[23.0548,48.00655],[23.09077,48.04913],[23.1395,48.0874],[23.20265,48.08451],[23.40816,47.98999],[23.62867,47.99583],[23.66908,47.99232],[23.682,47.99038],[23.70902,47.9826],[24.00182,47.93578],[24.04735,47.94103],[24.05975,47.94477],[24.17773,47.90607],[24.28196,47.91118],[24.38097,47.93803],[24.48407,47.9471],[24.57889,47.93108],[24.65093,47.87651],[24.8379,47.76086],[24.89334,47.71776],[24.97913,47.72414],[25.07385,47.74572],[25.16966,47.82308],[25.46432,47.91077],[25.68932,47.93248],[25.90868,47.96756],[26.16267,47.99252],[26.23626,48.06435],[26.27693,48.11324],[26.30561,48.20378],[26.44235,48.22998],[26.57241,48.24848],[26.61898,48.25985]],[[22.53866,49.07272],[22.57995,49.07719],[22.70128,49.03995],[22.8098,49.02073],[22.83977,49.03889],[22.85207,49.06274],[22.84706,49.08127],[22.76019,49.13623],[22.70562,49.17121],[22.70231,49.19271],[22.72195,49.24095],[22.73244,49.29518],[22.71988,49.35381],[22.66061,49.48367],[22.64945,49.53902],[22.70614,49.60622],[22.89073,49.76626],[22.95222,49.82636],[23.0363,49.89907],[23.2645,50.07286],[23.40863,50.17391],[23.50619,50.22985],[23.64898,50.32703],[23.71176,50.37734],[23.97262,50.41005],[24.00497,50.45702],[24.05262,50.50844],[24.08993,50.53046],[24.09474,50.61704],[24.04632,50.7228],[24.0073,50.76013],[23.97841,50.78558],[23.99712,50.80935],[24.02596,50.81615],[24.06161,50.81953],[24.10574,50.84498],[24.09582,50.87276],[23.9857,50.94043],[23.93811,50.99255],[23.86343,51.12623],[23.71218,51.26511],[23.66443,51.31005],[23.65766,51.3525],[23.67972,51.3949],[23.65885,51.44895],[23.60526,51.51792]],[[20.89979,55.28665],[21.07533,55.26324],[21.29759,55.26446],[21.38922,55.27554],[21.44709,55.23441],[21.55468,55.19529],[21.68274,55.16035],[21.87394,55.10072],[22.07238,55.06367],[22.13785,55.05938],[22.34637,55.06424],[22.56728,55.05912],[22.62744,54.9707],[22.73658,54.92884],[22.82468,54.87128],[22.8312,54.83846],[22.70965,54.63261],[22.68443,54.56292],[22.67984,54.493],[22.72433,54.40559],[22.76624,54.35679]],[[31.76336,52.10108],[31.75861,52.12581],[31.6906,52.22064],[31.64988,52.26218],[31.60151,52.28482],[31.57733,52.31231],[31.5765,52.42603],[31.58555,52.53245],[31.61593,52.5462],[31.52617,52.63299],[31.51945,52.69875],[31.56348,52.73146],[31.56482,52.75923],[31.53516,52.79822],[31.44281,52.86184],[31.353,52.93346],[31.29518,52.98979],[31.2588,53.01671],[31.30293,53.0609],[31.36453,53.13898],[31.3884,53.18482],[31.41786,53.19603],[31.56296,53.20249],[31.66828,53.20091],[31.74745,53.1842],[31.77742,53.14689],[31.84972,53.10622],[32.05544,53.08947],[32.142,53.09115],[32.25067,53.12839],[32.42627,53.2106],[32.46937,53.27029],[32.57804,53.31241],[32.64445,53.32889],[32.70429,53.33633],[32.71028,53.37142],[32.70646,53.41943],[32.68568,53.44816],[32.46963,53.54696],[32.44239,53.57926],[32.42524,53.61727],[32.45097,53.65334],[32.45014,53.6929],[32.20044,53.78124],[31.99214,53.79687],[31.82083,53.79194],[31.75422,53.81046],[31.78305,53.85496],[31.82527,53.93503],[31.83778,54.00079],[31.82594,54.03071],[31.79204,54.0559],[31.62839,54.11119],[31.40359,54.19594],[31.2991,54.2917],[31.24557,54.39164],[31.18479,54.45296],[31.07483,54.49182],[31.08191,54.51709],[31.15493,54.61096],[31.15214,54.62535],[31.12128,54.6485],[30.98419,54.69589],[30.79887,54.78327],[30.79107,54.80601],[30.80446,54.86094],[30.82993,54.91499],[30.86683,54.94073],[30.97768,55.05049],[30.97768,55.0878],[30.95887,55.13762],[30.87747,55.22345],[30.81448,55.27872],[30.81055,55.30696],[30.82099,55.33027],[30.86182,55.36039],[30.90057,55.39739],[30.90874,55.52534],[30.90688,55.57005],[30.88223,55.5964],[30.85593,55.60751],[30.80074,55.6011],[30.72162,55.62213],[30.66235,55.65549],[30.6256,55.66627],[30.58669,55.70027],[30.47538,55.76879],[30.45626,55.7868],[30.23364,55.84522],[30.04264,55.83644],[29.93702,55.84527],[29.88162,55.8323],[29.82395,55.7951],[29.74416,55.77042],[29.68458,55.76975],[29.63006,55.75117],[29.48226,55.68456],[29.41302,55.72487],[29.35338,55.78437],[29.37317,55.83473],[29.39793,55.88106],[29.39612,55.91219],[29.37503,55.9387],[29.283,55.96785],[29.0874,56.02113],[29.03175,56.02177],[28.94741,56.00211],[28.79476,55.94258],[28.74081,55.9554],[28.69079,56.00263],[28.63689,56.06175],[28.56397,56.092],[28.40708,56.08903],[28.3921,56.08671],[28.31634,56.05255],[28.2843,56.05591],[28.14793,56.14293]],[[31.76336,52.10108],[31.78238,52.0994],[31.87561,52.07088],[31.97379,52.04664],[32.04159,52.04504],[32.12226,52.0506],[32.21677,52.08297],[32.28282,52.11403],[32.36302,52.27213],[32.39134,52.29484],[32.43547,52.30725],[32.50792,52.30854],[32.64543,52.27908],[32.8065,52.25262],[32.89973,52.25635],[33.14845,52.34042],[33.2871,52.35355],[33.45184,52.33381],[33.61338,52.33262],[33.73523,52.34476],[33.81885,52.31564],[33.92204,52.25146],[34.01532,52.15596],[34.11304,51.97962],[34.39783,51.78041],[34.40269,51.74149],[34.37933,51.71651],[34.23918,51.69225],[34.12115,51.67917],[34.11542,51.64496],[34.14678,51.60796],[34.20089,51.55383],[34.20926,51.48409],[34.20657,51.41994],[34.22988,51.36325],[34.27499,51.34017],[34.28068,51.31167],[34.22838,51.27687],[34.21386,51.25537],[34.23422,51.2438],[34.49105,51.23708],[34.61683,51.20313],[34.71228,51.17223],[34.76039,51.16933],[34.86855,51.1892],[34.99025,51.20173],[35.06409,51.20344],[35.09257,51.18065],[35.11536,51.12083],[35.15809,51.06099],[35.19799,51.04391],[35.2692,51.04676],[35.31193,51.04391],[35.33472,51.02112],[35.30909,50.98691],[35.31478,50.94989],[35.34614,50.90431],[35.38314,50.79892],[35.41735,50.76757],[35.44014,50.72768],[35.44014,50.6821],[35.41162,50.64223],[35.39167,50.61092],[35.41162,50.53968],[35.48851,50.45992],[35.54551,50.43997],[35.59109,50.36876],[35.67372,50.34597],[35.79619,50.40576],[35.89019,50.43713],[36.00776,50.41966],[36.11638,50.40853],[36.18945,50.36783],[36.2434,50.31176],[36.30608,50.28045],[36.36887,50.29683],[36.49982,50.28045],[36.55966,50.23487],[36.61945,50.20924],[36.6964,50.24626],[36.75908,50.29184],[36.98852,50.33956],[37.1312,50.3515],[37.17104,50.36088],[37.25491,50.39496],[37.34318,50.41765],[37.42281,50.4115],[37.50131,50.3407],[37.58234,50.29187],[37.60513,50.21492],[37.70419,50.10906],[37.95027,49.96421],[38.04691,49.92],[38.11249,49.92783],[38.1468,49.93941],[38.16266,49.95452],[38.1776,50.02537],[38.20866,50.05147],[38.25857,50.05235],[38.45122,49.96408],[38.55199,49.95457],[38.64775,49.95287],[38.77668,49.88435],[38.91838,49.82469],[39.02768,49.81841],[39.11496,49.84176],[39.1748,49.85598],[39.2118,49.83321],[39.24601,49.78195],[39.30296,49.74205],[39.36848,49.73066],[39.46279,49.72802],[39.62655,49.65066],[39.78055,49.57204],[39.87682,49.56767],[39.95852,49.59077],[40.03066,49.59674],[40.08063,49.57684],[40.0949,49.54266],[40.05784,49.49708],[40.05784,49.43156],[40.12621,49.36887],[40.12828,49.30725],[40.1088,49.25154],[40.06999,49.20028],[39.97635,49.12982],[39.88974,49.06406],[39.75946,49.03659],[39.68655,49.00791],[39.70562,48.9596],[39.75337,48.91443],[39.86375,48.878],[39.98917,48.85144],[40.00358,48.82208],[39.98446,48.80736],[39.90416,48.79377],[39.7929,48.80772],[39.75585,48.78206],[39.70458,48.73935],[39.67043,48.66243],[39.64474,48.59119],[39.76541,48.57187],[39.83564,48.54277],[39.85755,48.48425],[39.88256,48.41911],[39.88979,48.36046],[39.8499,48.33193],[39.84742,48.30279],[39.86633,48.28842],[39.91811,48.28191],[39.9579,48.26891],[39.961,48.23793],[39.88504,48.16838],[39.81393,48.03529],[39.77579,47.96446],[39.77869,47.88754],[39.73595,47.84481],[39.65849,47.84121],[39.39096,47.83372],[39.15847,47.83742],[39.0578,47.8485],[38.90029,47.85512],[38.82231,47.83703],[38.71891,47.71409],[38.64057,47.66593],[38.51096,47.62242],[38.36885,47.60996],[38.28741,47.55916],[38.25873,47.47953],[38.25651,47.40894],[38.24328,47.3737],[38.21243,47.3428],[38.20137,47.32078],[38.20798,47.29652],[38.24106,47.28771],[38.28074,47.27665],[38.28074,47.25905],[38.26534,47.23696],[38.22121,47.21273],[38.20137,47.17526],[38.20581,47.13557],[38.21439,47.09144]],[[43.43945,41.1071],[43.45526,41.06468],[43.51748,41.00484],[43.59169,40.9682],[43.63168,40.92903],[43.69649,40.79413],[43.72263,40.71953],[43.71287,40.64778],[43.66786,40.57406],[43.56936,40.48239],[43.59375,40.44404],[43.61577,40.39332],[43.60843,40.35661],[43.67809,40.2393],[43.70987,40.16649],[43.68331,40.14964],[43.66625,40.12636],[43.79167,40.07024],[43.94205,40.02316],[44.00536,40.01412],[44.17806,40.03575],[44.28921,40.0404],[44.3996,39.99575],[44.56046,39.88759],[44.73384,39.74646],[44.76825,39.70352],[44.78334,39.68466]],[[35.89267,35.91657],[35.96755,35.91006],[36.12734,35.83146],[36.15359,35.83386],[36.20196,35.93755],[36.24888,35.97269],[36.34753,36.00354],[36.37543,36.17125],[36.42148,36.20345],[36.47708,36.22068],[36.5624,36.22394],[36.63676,36.23396],[36.64146,36.26352],[36.53744,36.45741],[36.54664,36.50635],[36.59687,36.70135],[36.62839,36.7777],[36.65857,36.80256],[36.7766,36.79269],[36.94176,36.7584],[36.98532,36.70241],[37.06619,36.65265],[37.18743,36.6559],[37.32706,36.6466],[37.43635,36.64332],[37.52353,36.67833],[37.72036,36.7437],[37.81798,36.76556],[37.90666,36.79465],[38.19171,36.90155],[38.30591,36.89338],[38.38394,36.87925],[38.44378,36.86225],[38.57804,36.78912],[38.68888,36.71507],[38.76666,36.69314],[38.90649,36.69466],[39.10845,36.68055],[39.3566,36.68159],[39.50144,36.70223],[39.6865,36.73864],[40.0164,36.82605],[40.45038,37.00888],[40.70571,37.09771],[40.81558,37.10817],[40.95887,37.10916],[41.10217,37.0859],[41.26459,37.06931],[41.33958,37.07079],[41.51553,37.08918],[41.74353,37.12611],[41.88683,37.15639],[42.05989,37.20605],[42.1679,37.28863],[42.20268,37.29726],[42.24753,37.28225],[42.26851,37.27659],[42.31285,37.22961],[42.359,37.10859]],[[35.45053,31.47932],[35.42288,31.32538],[35.4235,31.32483],[35.40066,31.2305],[35.40965,31.21445],[35.43932,31.13242],[35.38304,30.98227],[35.32015,30.86018],[35.29783,30.80225],[35.23664,30.67348],[35.17406,30.52393],[35.14063,30.42091],[35.14817,30.38432],[35.13267,30.19531],[35.14161,30.14167],[35.06818,29.97786],[35.05345,29.89694],[35.02394,29.78707],[34.9734,29.55502]],[[35.55145,32.39552],[35.57202,32.23788],[35.53471,32.103],[35.53151,31.98492],[35.559,31.76553],[35.49947,31.67238],[35.46546,31.56236],[35.45053,31.47932]],[[35.61124,32.68206],[35.5945,32.66801],[35.57285,32.64085],[35.56902,32.61987],[35.55145,32.39552]],[[34.19815,31.32261],[34.21252,31.29228],[34.24528,31.20833],[34.32853,30.99501],[34.40103,30.82781],[34.48992,30.5963],[34.51782,30.50736],[34.52965,30.44605],[34.65859,30.19144],[34.73507,29.98205],[34.79109,29.81208],[34.86984,29.56393],[34.90426,29.47732]],[[27.35195,57.52812],[27.35428,57.55029],[27.3718,57.61256],[27.40001,57.66682],[27.492,57.72495],[27.51473,57.76423],[27.54212,57.79942],[27.75286,57.84102],[27.77694,57.85673],[27.77849,57.87068],[27.76878,57.88414],[27.72196,57.90548],[27.67338,57.9346],[27.64408,58.01393],[27.57111,58.13811],[27.50244,58.22136],[27.48781,58.27009],[27.50554,58.32626],[27.53013,58.38148],[27.53137,58.43524],[27.42704,58.73306],[27.43417,58.78726],[27.4644,58.84132],[27.51308,58.88628],[27.62176,58.94496],[27.75767,59.052],[27.84949,59.19267],[27.89766,59.27762],[27.93817,59.297],[28.01646,59.30173],[28.04612,59.32785],[28.06137,59.34325],[28.12829,59.35757],[28.15108,59.37444],[28.13299,59.40309],[28.06581,59.45317],[28.01253,59.48428]],[[22.76624,54.35679],[22.73182,54.35012],[22.1685,54.35989],[21.63416,54.37647],[21.14055,54.39182],[20.66471,54.40663],[20.2082,54.42076],[19.92434,54.43399],[19.64421,54.44709],[19.60436,54.45916]],[[44.76515,37.14244],[44.76541,37.13499],[44.79843,37.06389],[44.88086,36.79933],[44.92783,36.76592],[44.98147,36.73771],[45.0,36.71842]],[[9.51873,30.22942],[9.42096,30.17932],[9.31026,30.11524],[9.39098,29.99365],[9.54622,29.79593],[9.64017,29.63641],[9.67262,29.56698],[9.74595,29.36896],[9.80522,29.17693],[9.82072,29.11479],[9.84253,28.96702],[9.81561,28.56022],[9.85824,28.0433],[9.86794,28.0]],[[-8.68337,28.0],[-8.68337,28.11203],[-8.68337,28.3237],[-8.68337,28.46924],[-8.68337,28.62073],[-8.67841,28.68939],[-8.65991,28.71861],[-8.55834,28.76786],[-8.3993,28.88018],[-8.34049,28.93017],[-8.26517,28.98051],[-7.99891,29.13243],[-7.94388,29.17476],[-7.68513,29.34953],[-7.62459,29.37521],[-7.48576,29.39224],[-7.42768,29.42497],[-7.34975,29.49474],[-7.2349,29.57489],[-7.1602,29.61266],[-7.14243,29.61959],[-7.09494,29.62517],[-6.85555,29.6016],[-6.75511,29.58385],[-6.63538,29.56879],[-6.59776,29.57897],[-6.56567,29.60388],[-6.52055,29.65984],[-6.51071,29.72602],[-6.50789,29.78376],[-6.50086,29.80911],[-6.47973,29.82038],[-6.42761,29.81614],[-6.35762,29.80831],[-6.21481,29.81069],[-6.16652,29.81896],[-6.0043,29.83125],[-5.77502,29.86903],[-5.59332,29.91797],[-5.44878,29.95693],[-5.29365,30.05866],[-5.18012,30.16617],[-5.06193,30.32642],[-4.96824,30.46538],[-4.77854,30.55237],[-4.61963,30.6048],[-4.52915,30.62555],[-4.32286,30.69888],[-4.14879,30.80959],[-3.98536,30.91351],[-3.86007,30.92723],[-3.70202,30.94447],[-3.66682,30.96403],[-3.6269,31.00092],[-3.6245,31.06575],[-3.67251,31.11138],[-3.73015,31.13539],[-3.77098,31.16179],[-3.81183,31.1666],[-3.8334,31.19781],[-3.82139,31.25546],[-3.81516,31.30884],[-3.78914,31.36181],[-3.79643,31.4371],[-3.8371,31.51234],[-3.84955,31.56639],[-3.84666,31.61988],[-3.82674,31.66189],[-3.76816,31.68954],[-3.70026,31.70008],[-3.60461,31.68677],[-3.43981,31.70455],[-3.01736,31.83428],[-2.98824,31.87423],[-2.96113,31.96394],[-2.93085,32.04254],[-2.88718,32.06884],[-2.86341,32.07471],[-2.72259,32.09577],[-2.52325,32.12569],[-2.4484,32.13],[-2.23128,32.12132],[-2.07281,32.11502],[-1.81696,32.10481],[-1.63517,32.09954],[-1.47704,32.09489],[-1.27534,32.089]],[[9.51873,30.22942],[9.45796,30.46538],[9.40607,30.66681],[9.36328,30.83292],[9.28794,31.12534],[9.22402,31.37369],[9.16025,31.62135],[9.10232,31.84614],[9.04403,32.07236],[9.01891,32.10538],[8.84404,32.21212],[8.68291,32.31043],[8.51512,32.42231],[8.33337,32.5436],[8.30423,32.6963],[8.2109,32.92672],[8.11251,33.05532],[8.07561,33.08904],[7.87722,33.17211],[7.76266,33.23311],[7.73134,33.26851],[7.70922,33.36228],[7.62752,33.54865],[7.53435,33.71792],[7.50014,33.83246],[7.49559,33.97653],[7.51389,34.0805],[7.55451,34.125],[7.7485,34.2545],[7.83831,34.4103],[7.94942,34.4687],[8.04559,34.51267],[8.12346,34.56394],[8.19281,34.64631],[8.24563,34.73406],[8.25472,34.82893],[8.27684,34.97947],[8.31208,35.08463],[8.39425,35.20387],[8.35983,35.29963],[8.31642,35.40311],[8.32903,35.58222],[8.31808,35.65493],[8.28294,35.71927],[8.24702,35.80179],[8.24573,35.87058],[8.28025,36.05098],[8.30671,36.18875],[8.34877,36.36799],[8.33399,36.41816],[8.30278,36.45563],[8.20878,36.49514],[8.20764,36.51893],[8.23074,36.54526],[8.3696,36.63249],[8.44422,36.76075],[8.5067,36.78752],[8.60126,36.83393],[8.5977,36.8839],[8.57656,36.9372]],[[25.15049,31.65497],[25.11199,31.62691],[25.05726,31.56717],[25.02269,31.51402],[24.92998,31.42749],[24.85267,31.33483],[24.85991,31.19918],[24.87758,31.06126],[24.92947,30.92648],[24.97396,30.77657],[24.9614,30.67854],[24.92301,30.55803],[24.87758,30.45755],[24.72643,30.25061],[24.70323,30.20108],[24.71165,30.13155],[24.80369,29.88606],[24.81082,29.80872],[24.8659,29.57026],[24.91613,29.3763],[24.97174,29.22385],[24.98026,29.18189],[24.98026,28.95733],[24.98026,28.73277],[24.98026,28.50821],[24.98026,28.28365],[24.98026,28.05909],[24.98026,28.0]],[[42.359,37.10859],[42.35905,37.095],[42.35011,37.06058],[42.2373,36.96116],[42.08397,36.82602],[41.97406,36.74081],[41.78854,36.59715],[41.65015,36.5664],[41.41683,36.51464],[41.3542,36.46439],[41.29601,36.38336],[41.2618,36.27246],[41.25173,36.20301],[41.24558,36.07341],[41.3002,35.93897],[41.35265,35.80999],[41.35937,35.72459],[41.3541,35.64041],[41.30335,35.55062],[41.24831,35.4275],[41.21638,35.28818],[41.19958,35.02737],[41.19917,34.80532],[41.19467,34.76899],[41.09902,34.61231],[40.98704,34.42904],[40.93505,34.38658],[40.68949,34.33201],[40.42154,34.19773],[40.12198,34.04764],[39.85,33.91137],[39.56444,33.76835],[39.26838,33.62002],[39.05672,33.51403],[38.77353,33.3722]],[[35.78725,32.73493],[35.89474,32.71379],[35.95644,32.66671],[36.05948,32.53378],[36.21978,32.4951],[36.28428,32.45745],[36.37213,32.38694],[36.4792,32.36131],[36.8184,32.3173],[37.08893,32.46551],[37.31755,32.59078],[37.57743,32.73307],[37.75416,32.82983],[38.05574,32.99486],[38.25429,33.09925],[38.51566,33.23663],[38.77353,33.3722]],[[35.61124,32.68206],[35.73444,32.72888],[35.78725,32.73493]],[[39.14545,32.1245],[39.29278,32.24382],[39.24745,32.351],[39.14007,32.33121],[39.04137,32.30565],[38.98158,32.47257],[39.05785,32.49318],[38.98742,32.71069],[38.91487,32.93466],[38.84505,33.15087],[38.77353,33.3722]],[[34.95082,29.35353],[35.16378,29.32095],[35.33917,29.29408],[35.59527,29.25486],[35.86037,29.21424],[36.01546,29.19047],[36.06848,29.20054],[36.28278,29.35537],[36.4761,29.49513],[36.59185,29.6661],[36.70389,29.83167],[36.75526,29.86603],[36.92708,29.89706],[37.19947,29.94631],[37.46922,29.99507],[37.49071,30.01171],[37.5536,30.14457],[37.63355,30.31329],[37.64993,30.33094],[37.66972,30.34812],[37.86294,30.44264],[37.98009,30.5],[37.81302,30.66929],[37.65551,30.82895],[37.47904,31.00777],[37.32943,31.14683],[37.10526,31.35517],[36.95855,31.49151],[37.21564,31.55611],[37.49335,31.62587],[37.77385,31.69633],[38.11145,31.78116],[38.37552,31.84746],[38.76965,31.94647],[38.96236,31.99489],[38.99708,32.00745],[39.14545,32.1245]],[[45.0,29.1711],[44.71648,29.19362],[44.69084,29.20235],[44.36068,29.43526],[44.09967,29.61933],[43.77374,29.84921],[43.44079,30.084],[43.10309,30.32221],[42.85773,30.49519],[42.55981,30.71776],[42.28856,30.92039],[42.07441,31.08038],[41.7997,31.22037],[41.58509,31.32972],[41.27245,31.48903],[41.02249,31.61637],[40.80834,31.72545],[40.47885,31.89335],[40.3693,31.93898],[40.02782,31.995],[39.70407,32.04251],[39.36864,32.09174],[39.14545,32.1245]],[[5.7897,49.53827],[5.82345,49.50507],[5.90138,49.48977],[5.92892,49.47755],[5.95946,49.45463],[6.0114,49.44546],[6.07408,49.45463],[6.11992,49.4852],[6.18105,49.49894],[6.24218,49.49434],[6.27732,49.47755],[6.3443,49.45274]],[[44.99439,41.08561],[44.96142,41.07925],[44.95889,41.05261],[44.96902,41.02724],[45.0,41.01652]],[[45.0,41.084],[44.99439,41.08561]],[[12.44108,43.98241],[12.3969,43.93455],[12.42635,43.89409],[12.48526,43.90143],[12.51467,43.95298],[12.50366,43.98977],[12.44108,43.98241]],[[26.61898,48.25985],[26.64047,48.29416],[26.84707,48.38715],[26.90056,48.37193],[27.00851,48.36826],[27.2285,48.37141],[27.33697,48.4327],[27.40379,48.41565],[27.45846,48.44309],[27.54925,48.47771],[27.56222,48.4704],[27.57375,48.4649],[27.71441,48.4495],[27.82004,48.41627],[27.89063,48.36521],[27.96339,48.33356],[28.03842,48.32129],[28.08013,48.29581],[28.0885,48.25705],[28.15883,48.23799],[28.29102,48.23855],[28.34714,48.21305],[28.32698,48.16143],[28.34052,48.14445],[28.38755,48.16213],[28.42305,48.14688],[28.44202,48.10869],[28.46305,48.0905],[28.53049,48.15032],[28.6017,48.1444],[28.77378,48.11957],[28.86581,47.99568],[28.92318,47.95113],[28.97335,47.93299],[29.03697,47.95234],[29.09293,47.97542],[29.12539,47.96454],[29.19484,47.8824],[29.21117,47.77502],[29.21075,47.73156],[29.18605,47.65859],[29.15091,47.58087],[29.12296,47.53038],[29.13489,47.48969],[29.1598,47.45566],[29.20057,47.44449],[29.33374,47.37571],[29.38341,47.32804],[29.4557,47.29264],[29.51063,47.29071],[29.53916,47.27099],[29.54934,47.24681],[29.54179,47.18554],[29.51099,47.12803],[29.51503,47.09111],[29.5635,47.04752],[29.56867,46.99672],[29.57197,46.96401],[29.59776,46.93884],[29.71977,46.88293],[29.87785,46.82892],[29.9181,46.78242],[29.94249,46.72376],[29.93474,46.62501],[29.9243,46.53887],[30.13101,46.42308],[30.1075,46.40159],[30.07571,46.37784],[29.87805,46.36022],[29.8379,46.35056],[29.75201,46.43779],[29.7068,46.44874],[29.66458,46.41675],[29.61497,46.39882],[29.55507,46.40776],[29.49105,46.43469],[29.4588,46.45375],[29.43281,46.45598],[29.39286,46.43691],[29.33953,46.44507],[29.30486,46.46662],[29.25458,46.39262],[29.22388,46.37696],[29.20455,46.37937],[29.20083,46.50497],[29.18621,46.52396],[29.14626,46.5269],[29.04994,46.49703],[28.95837,46.45848],[28.92746,46.42412],[28.93057,46.36224],[28.94369,46.28842],[29.00627,46.17648],[28.97191,46.12765],[28.94772,46.04993],[28.84954,45.97864],[28.73874,45.93714],[28.72934,45.85198],[28.66764,45.79385],[28.56232,45.73581],[28.49163,45.66579],[28.50951,45.61784],[28.51374,45.57241],[28.50175,45.54156],[28.49907,45.51774],[28.47137,45.5072],[28.31034,45.49857],[28.26487,45.48386],[28.21247,45.45046]],[[28.14793,56.14293],[28.1179,56.14582],[28.03202,56.13329],[27.89631,56.07616],[27.69421,55.94155],[27.64227,55.91173],[27.58946,55.8092],[27.57675,55.79879],[27.45913,55.80349],[27.42709,55.80595],[27.30922,55.80391],[27.05254,55.83055],[26.95306,55.81292],[26.82248,55.70921],[26.77183,55.69402],[26.62022,55.67965],[26.59355,55.66751]],[[28.21247,45.45046],[28.31768,45.34713],[28.45127,45.2922],[28.7607,45.23414],[28.7883,45.24096],[28.79135,45.25192],[28.76985,45.2669],[28.76665,45.28623],[28.78174,45.30984],[28.82432,45.31108],[28.89429,45.28995],[29.02741,45.32054],[29.22357,45.40291],[29.40366,45.41966],[29.56768,45.37082],[29.65197,45.3139],[29.70592,45.2599]],[[21.36007,44.82667],[21.52316,44.79008],[21.59706,44.75541],[21.63613,44.71045],[21.7402,44.68068],[21.90929,44.66611],[22.0269,44.61986],[22.09305,44.54193],[22.20095,44.56069],[22.35071,44.67614],[22.49768,44.70626],[22.64206,44.65097],[22.72092,44.60552],[22.73435,44.56992],[22.70076,44.55552],[22.62015,44.56234],[22.554,44.54033],[22.50233,44.48958],[22.49458,44.43543],[22.53065,44.37796],[22.58181,44.33833],[22.64795,44.31647],[22.6833,44.28647],[22.68785,44.24831],[22.70511,44.23779]],[[7.4387,43.75046],[7.43694,43.76146],[7.41441,43.77092],[7.39498,43.76534],[7.3801,43.75325],[7.37772,43.73175]],[[12.43059,41.90545],[12.43834,41.9062],[12.43917,41.89837],[12.43059,41.89757],[12.42749,41.90072],[12.43059,41.90545]],[[-1.27534,32.089],[-1.22594,32.10724],[-1.22594,32.16455],[-1.26211,32.27113],[-1.24031,32.33759],[-1.16259,32.39916],[-1.06554,32.4683],[-1.11101,32.55228],[-1.18824,32.60848],[-1.29638,32.67568],[-1.35213,32.70338],[-1.45001,32.78482],[-1.51001,32.87763],[-1.55073,33.07359],[-1.62509,33.18335],[-1.67919,33.31866],[-1.63124,33.56676],[-1.70297,33.71686],[-1.71413,33.78181],[-1.7147,33.85819],[-1.69266,33.99028],[-1.70692,34.17605],[-1.7918,34.36793],[-1.75185,34.43325],[-1.73327,34.46704],[-1.73945,34.49609],[-1.8166,34.55709],[-1.84965,34.60732],[-1.83244,34.65463],[-1.79221,34.7232],[-1.79562,34.75188],[-1.92088,34.83557],[-2.13178,34.97084],[-2.19077,35.0298],[-2.21963,35.10419]],[[33.59414,46.09624],[33.65432,46.14622],[33.65997,46.21957],[33.80667,46.20829],[34.02672,46.10673],[34.12828,46.0898],[34.2242,46.10108],[34.35398,46.06159],[34.4499,45.96567],[34.52325,45.97695],[34.68688,45.97695],[34.79408,45.89231],[34.79973,45.79075],[34.94643,45.72869],[35.00167,45.73338]],[[36.69444,45.6217],[36.69102,45.43085],[36.6592,45.3466],[36.61524,45.31842],[36.58871,45.30035],[36.63623,45.26033],[36.6169,45.22758],[36.50875,45.19971],[36.53689,45.13204],[36.59717,45.03053],[36.6119,44.95328]],[[23.60526,51.51792],[23.53963,51.61892],[23.54485,51.71023],[23.58133,51.7624],[23.62572,51.80934],[23.60743,51.87978],[23.65109,51.97298],[23.65244,52.04039],[23.63327,52.06959],[23.59797,52.10307],[23.50113,52.14038],[23.45844,52.16953],[23.32713,52.20844],[23.19696,52.25691],[23.1751,52.2866],[23.18125,52.30699],[23.20409,52.33789],[23.30331,52.42838],[23.4109,52.51623],[23.47958,52.55157],[23.84473,52.66423],[23.90126,52.70361],[23.91547,52.77024],[23.9163,52.81874],[23.90937,52.90488],[23.8871,53.02756],[23.85914,53.11211],[23.78923,53.27096],[23.5989,53.59921],[23.48464,53.93981]],[[44.78334,39.68466],[44.81714,39.65042],[44.83817,39.62908],[45.0,39.42376]]]}},{"type":"Feature","properties":{"layer":"COASTLINE","scale":"1:50m"},"geometry":{"type":"MultiLineString","coordinates":[[[-25.46777,70.77969],[-25.4208,70.79458],[-25.40137,70.81128],[-25.39365,70.83467],[-25.39722,70.86245],[-25.43232,70.92134],[-25.45825,70.94253],[-25.6123,70.97632],[-25.66084,70.99795],[-25.72681,71.04204],[-25.8189,71.04365],[-26.0,71.0002]],[[-26.0,70.53209],[-25.91133,70.57305],[-25.80059,70.59893],[-25.40225,70.65269],[-25.34634,70.69331],[-25.35166,70.71431],[-25.38013,70.74058],[-25.46777,70.77969]],[[22.96426,58.60571],[22.82012,58.62153],[22.75381,58.60469],[22.68838,58.59702],[22.61738,58.62124],[22.54697,58.62739],[22.47441,58.60488],[22.32812,58.58086],[22.2666,58.50796],[22.20557,58.52139],[22.16855,58.51582],[22.08135,58.47812],[22.00186,58.51025],[21.92441,58.51426],[21.8623,58.49717],[21.98408,58.38667],[21.96504,58.34883],[21.92441,58.31587],[21.89102,58.30459],[21.85449,58.30166],[21.88213,58.26235],[22.03457,58.21338],[22.10439,58.17168],[22.1877,58.15435],[22.15293,58.11533],[21.98555,57.99517],[21.97803,57.96328],[21.99688,57.93135],[22.07627,57.93604],[22.15244,57.9668],[22.22734,58.05181],[22.26934,58.16074],[22.37168,58.21714],[22.49844,58.23623],[22.73027,58.23066],[22.75703,58.26089],[22.88516,58.31128],[22.97988,58.36387],[23.03545,58.37231],[23.08262,58.39849],[23.12715,58.43599],[23.32324,58.45083],[23.29287,58.4835],[22.96426,58.60571]],[[26.16787,35.21509],[26.02803,35.21528],[25.89336,35.1792],[25.83711,35.13257],[25.79131,35.12285],[25.74502,35.14272],[25.73516,35.18403],[25.75586,35.32637],[25.73018,35.34858],[25.56963,35.32808],[25.47568,35.3062],[25.29678,35.33936],[25.1043,35.34692],[25.00313,35.40986],[24.72129,35.4248],[24.62695,35.40991],[24.53457,35.38076],[24.44492,35.36602],[24.354,35.35947],[24.31289,35.36382],[24.2749,35.38599],[24.25771,35.42314],[24.25537,35.4686],[24.17852,35.45952],[24.12314,35.48364],[24.10898,35.4958],[24.12402,35.51084],[24.19775,35.53745],[24.16602,35.59521],[24.09336,35.59385],[24.03438,35.5354],[24.01328,35.52944],[23.92061,35.52817],[23.85225,35.53545],[23.79336,35.5562],[23.7708,35.63423],[23.73691,35.65552],[23.71504,35.60474],[23.71543,35.55015],[23.67266,35.51392],[23.62656,35.53037],[23.60869,35.56626],[23.56982,35.53477],[23.54756,35.41558],[23.56162,35.29517],[23.59277,35.25723],[23.63809,35.23516],[23.70391,35.2335],[23.88359,35.24609],[23.99434,35.22192],[24.46367,35.16035],[24.5834,35.11533],[24.70889,35.08906],[24.73516,35.0583],[24.74395,35.01436],[24.74521,34.95063],[24.7998,34.93447],[25.20576,34.95928],[25.61094,35.00732],[25.82969,35.0252],[26.04668,35.01416],[26.16563,35.0186],[26.24434,35.04468],[26.25557,35.09517],[26.28086,35.15923],[26.29863,35.2686],[26.32021,35.31514],[26.28555,35.30977],[26.16787,35.21509]],[[24.46396,38.14512],[24.35967,38.1625],[24.27578,38.22002],[24.22012,38.33862],[24.1875,38.46343],[24.21104,38.50425],[24.19971,38.54102],[24.15469,38.58828],[24.12754,38.64849],[24.09902,38.671],[23.87822,38.68657],[23.68848,38.7647],[23.63623,38.77021],[23.525,38.81348],[23.47197,38.8501],[23.41543,38.95864],[23.3127,39.03491],[23.2582,39.03135],[23.1458,39.00269],[22.98633,38.91592],[22.87031,38.87051],[22.88135,38.84766],[22.93574,38.83965],[23.0291,38.87339],[23.14395,38.84482],[23.25215,38.80122],[23.36406,38.73501],[23.46523,38.65586],[23.50527,38.61294],[23.55332,38.58198],[23.61738,38.55254],[23.65078,38.44307],[23.75879,38.40122],[23.88623,38.40073],[24.04014,38.38999],[24.04189,38.37412],[24.06357,38.33721],[24.10283,38.31685],[24.14414,38.24307],[24.18906,38.2043],[24.19258,38.15166],[24.21201,38.11753],[24.31777,38.06035],[24.35947,38.01855],[24.4165,38.01655],[24.4458,38.00498],[24.47266,37.98052],[24.50234,37.96992],[24.53652,37.97974],[24.57852,38.02017],[24.58838,38.12397],[24.56328,38.14751],[24.46396,38.14512]],[[34.27236,35.56997],[34.19248,35.5457],[34.06348,35.47397],[33.60762,35.35415],[33.45879,35.33589],[33.30781,35.3415],[33.12344,35.3582],[32.9416,35.39043],[32.92637,35.27808],[32.87988,35.18057],[32.77236,35.15957],[32.7127,35.17104],[32.65234,35.18267],[32.55596,35.15576],[32.475,35.08999],[32.39092,35.0498],[32.30098,35.08296],[32.31719,34.95332],[32.41377,34.77803],[32.44902,34.72944],[32.50557,34.70625],[32.69297,34.64937],[32.7501,34.6478],[32.86719,34.66113],[32.91426,34.6355],[32.9418,34.57588],[33.00791,34.56958],[33.02393,34.6],[33.0249,34.63691],[33.0623,34.6748],[33.11553,34.69556],[33.17607,34.69805],[33.29658,34.71772],[33.41494,34.75088],[33.51445,34.80645],[33.69941,34.96987],[33.75898,34.97324],[33.82246,34.96592],[33.93652,34.97148],[34.0502,34.98838],[34.02363,35.04556],[34.00449,35.06523],[33.93125,35.14038],[33.90791,35.20239],[33.94199,35.29204],[34.46318,35.59351],[34.55605,35.66206],[34.41113,35.6293],[34.27236,35.56997]],[[18.84111,57.9002],[18.80518,57.83315],[18.72188,57.86372],[18.5374,57.83057],[18.40518,57.75684],[18.2832,57.65513],[18.20488,57.61089],[18.13652,57.55664],[18.12891,57.44917],[18.15195,57.33906],[18.10508,57.27188],[18.16396,57.21172],[18.20957,57.1333],[18.28535,57.0832],[18.20654,57.01016],[18.14639,56.92051],[18.24893,56.93154],[18.34023,56.97822],[18.38721,57.08765],[18.47734,57.16304],[18.53848,57.19692],[18.6999,57.24272],[18.74287,57.32354],[18.78486,57.36108],[18.84365,57.38647],[18.90791,57.39834],[18.79092,57.48311],[18.81387,57.7062],[18.87813,57.72969],[18.94512,57.7416],[18.99375,57.81211],[19.07646,57.83594],[18.95645,57.9],[18.90059,57.91548],[18.84111,57.9002]],[[12.07305,54.97676],[12.06553,55.06992],[12.08994,55.18813],[12.32246,55.23711],[12.41309,55.28618],[12.38516,55.38564],[12.27539,55.41426],[12.21504,55.4665],[12.24346,55.53789],[12.32061,55.58784],[12.40713,55.61626],[12.50703,55.63662],[12.54521,55.65581],[12.57119,55.68496],[12.56875,55.78506],[12.5248,55.91846],[12.54297,55.95898],[12.6084,56.03301],[12.57871,56.06406],[12.52578,56.0834],[12.42822,56.10586],[12.32324,56.12212],[12.21895,56.11865],[12.03965,56.05215],[11.86641,55.96816],[11.91279,55.9373],[11.93457,55.8959],[11.92207,55.82808],[11.88535,55.80796],[11.8583,55.77188],[11.81973,55.69766],[11.78359,55.70166],[11.69092,55.729],[11.68223,55.82949],[11.6959,55.90791],[11.62773,55.95688],[11.47471,55.94346],[11.45957,55.90723],[11.46367,55.8793],[11.32227,55.75254],[11.27549,55.73647],[11.22441,55.7312],[11.04961,55.74023],[10.97891,55.72153],[11.00879,55.64443],[11.07031,55.6293],[11.121,55.60073],[11.11953,55.56606],[11.12803,55.53477],[11.18975,55.46562],[11.1707,55.32861],[11.28633,55.20444],[11.31025,55.19785],[11.40684,55.21475],[11.47588,55.21152],[11.65381,55.18691],[11.69678,55.096],[11.70361,55.03916],[11.73984,54.97246],[11.74092,54.91533],[11.8623,54.77261],[12.05039,54.81533],[12.06885,54.90903],[12.07305,54.97676]],[[10.78525,55.1334],[10.8084,55.20303],[10.78535,55.26978],[10.81924,55.32187],[10.73809,55.44634],[10.68682,55.55762],[10.64512,55.60981],[10.62275,55.61284],[10.50508,55.55806],[10.42402,55.56035],[10.35361,55.59897],[10.28613,55.61084],[9.99424,55.5353],[9.86064,55.51548],[9.85898,55.35723],[9.93008,55.22891],[9.96738,55.20547],[9.98877,55.16318],[10.25459,55.08789],[10.44277,55.04878],[10.62383,55.05244],[10.78525,55.1334]],[[3.24111,39.75669],[3.14531,39.79009],[3.15869,39.83657],[3.19092,39.86138],[3.19863,39.88984],[3.16699,39.90771],[3.16445,39.92422],[3.19756,39.96108],[3.15869,39.97051],[2.90479,39.9083],[2.78496,39.85483],[2.37129,39.61309],[2.37002,39.57207],[2.39434,39.54038],[2.45879,39.53047],[2.49951,39.47788],[2.57588,39.53066],[2.63408,39.5562],[2.70059,39.54214],[2.746,39.51025],[2.76982,39.41025],[2.7998,39.38506],[2.9001,39.36836],[3.07285,39.30127],[3.15459,39.33325],[3.24473,39.38662],[3.29297,39.47705],[3.34873,39.55566],[3.41465,39.62715],[3.46182,39.69775],[3.44893,39.76123],[3.3959,39.77729],[3.34219,39.78672],[3.24111,39.75669]],[[9.68203,40.81812],[9.63203,40.88203],[9.57402,40.91475],[9.55371,40.93213],[9.58975,40.99248],[9.62119,41.00488],[9.61533,41.01729],[9.57568,41.03052],[9.53877,41.05366],[9.5002,41.10635],[9.45518,41.15015],[9.35078,41.1959],[9.28301,41.20166],[9.22842,41.25708],[9.18213,41.24219],[9.16309,41.18516],[9.10723,41.14292],[8.99814,41.11035],[8.82119,40.9499],[8.69893,40.89526],[8.57188,40.8502],[8.46846,40.83433],[8.36328,40.84634],[8.31016,40.85752],[8.24521,40.90703],[8.22422,40.91333],[8.20381,40.8707],[8.18086,40.77104],[8.18994,40.65161],[8.23027,40.60596],[8.29551,40.55864],[8.35322,40.50054],[8.38535,40.44268],[8.40918,40.35234],[8.47129,40.29268],[8.4708,40.13071],[8.45508,40.07759],[8.40859,40.03765],[8.39932,39.97817],[8.40781,39.91724],[8.4959,39.89746],[8.54775,39.83921],[8.53867,39.76968],[8.54053,39.73159],[8.51074,39.72168],[8.47109,39.7481],[8.45117,39.72168],[8.46104,39.64771],[8.44707,39.56279],[8.41865,39.52305],[8.39912,39.48159],[8.41074,39.2918],[8.41816,39.20571],[8.48623,39.1105],[8.55332,39.03032],[8.59541,38.96431],[8.64854,38.92656],[8.71855,38.92671],[8.80117,38.90967],[8.88135,38.91289],[8.9666,38.96372],[9.02266,39.04326],[9.05635,39.23916],[9.10176,39.21128],[9.14932,39.19697],[9.20693,39.21382],[9.26416,39.2168],[9.38809,39.16753],[9.48633,39.13955],[9.5625,39.16602],[9.58359,39.25356],[9.61699,39.35439],[9.68604,39.92437],[9.70674,40.01704],[9.70078,40.0918],[9.65947,40.15923],[9.64297,40.26841],[9.7542,40.40029],[9.78281,40.4415],[9.80527,40.49956],[9.79434,40.5562],[9.68203,40.81812]],[[8.6416,42.11821],[8.70098,42.09561],[8.70254,42.04312],[8.65342,41.99556],[8.61514,41.95913],[8.62188,41.93071],[8.67363,41.92236],[8.74043,41.92515],[8.75869,41.87041],[8.71865,41.804],[8.71797,41.76143],[8.771,41.73711],[8.88682,41.70068],[8.879,41.66855],[8.82979,41.62769],[8.80752,41.58838],[8.84209,41.55889],[8.89502,41.51616],[9.00303,41.47656],[9.18613,41.38491],[9.25342,41.46006],[9.33086,41.62715],[9.37422,41.67881],[9.39482,41.7312],[9.40088,41.92622],[9.42842,41.97241],[9.55068,42.12974],[9.55645,42.16094],[9.52617,42.55264],[9.50938,42.5856],[9.47324,42.61558],[9.4542,42.65859],[9.48037,42.80542],[9.47861,42.8605],[9.46084,42.94521],[9.46328,42.98101],[9.41523,43.02148],[9.36318,43.01738],[9.33096,42.9438],[9.32305,42.81406],[9.33838,42.76689],[9.31338,42.71318],[9.2877,42.69463],[9.25352,42.71245],[9.19805,42.7292],[9.13789,42.73291],[9.08838,42.70498],[9.04365,42.66167],[8.99492,42.64531],[8.81484,42.60791],[8.71309,42.54976],[8.64004,42.42656],[8.5875,42.3853],[8.56563,42.35771],[8.59238,42.34473],[8.62588,42.34341],[8.67549,42.28403],[8.60791,42.25845],[8.56621,42.2188],[8.58779,42.16084],[8.6416,42.11821]],[[15.34072,38.21733],[15.27959,38.23037],[15.22402,38.21104],[15.17607,38.16807],[15.11875,38.15273],[14.98193,38.16758],[14.8459,38.17168],[14.78965,38.16699],[14.73721,38.15078],[14.63672,38.08506],[14.50596,38.04551],[14.41621,38.04258],[14.2877,38.01685],[14.05,38.04053],[13.93662,38.02417],[13.78887,37.9812],[13.73486,37.98403],[13.68154,38.00073],[13.49131,38.10312],[13.4335,38.11025],[13.3835,38.12681],[13.35166,38.18052],[13.29111,38.19146],[13.15996,38.19033],[13.05684,38.13091],[13.04902,38.08408],[12.95547,38.04131],[12.90273,38.03486],[12.85068,38.06372],[12.73438,38.18306],[12.70234,38.1417],[12.66436,38.10791],[12.60166,38.08496],[12.54766,38.05293],[12.48682,37.93872],[12.43555,37.81978],[12.45439,37.77378],[12.52676,37.66953],[12.64023,37.59434],[12.69902,37.57183],[12.75732,37.56738],[12.87119,37.5752],[12.92412,37.57051],[13.04033,37.50654],[13.16992,37.4793],[13.22109,37.45181],[13.26494,37.41035],[13.36094,37.34873],[13.58711,37.25415],[13.80059,37.13589],[13.90547,37.10063],[14.02432,37.10713],[14.14297,37.10366],[14.25908,37.04644],[14.36729,36.97285],[14.50186,36.79868],[14.55547,36.77676],[14.61436,36.7666],[14.77598,36.7104],[14.88965,36.72354],[15.00244,36.6939],[15.1126,36.68784],[15.11631,36.73647],[15.1043,36.78525],[15.11582,36.83926],[15.14238,36.8916],[15.18516,36.93481],[15.29453,37.01328],[15.2957,37.05518],[15.28867,37.09692],[15.23604,37.13872],[15.17412,37.20918],[15.23027,37.24434],[15.19365,37.28286],[15.146,37.30801],[15.11699,37.33472],[15.10566,37.37549],[15.09951,37.45859],[15.13105,37.53188],[15.16484,37.58955],[15.18984,37.65073],[15.20684,37.72056],[15.23447,37.78481],[15.47568,38.06294],[15.50889,38.10664],[15.57656,38.22031],[15.63467,38.26758],[15.56836,38.2959],[15.49873,38.29087],[15.34072,38.21733]],[[-3.98848,57.58125],[-3.86816,57.60034],[-3.62822,57.66226],[-3.40278,57.70825],[-3.29453,57.71016],[-3.08394,57.67349],[-3.03604,57.67231],[-2.94668,57.68926],[-2.8563,57.69229],[-2.24414,57.68086],[-2.07407,57.70239],[-1.96152,57.67666],[-1.86738,57.61235],[-1.77793,57.49375],[-1.78066,57.47402],[-1.83472,57.41997],[-1.93447,57.3522],[-2.02031,57.25889],[-2.04551,57.20854],[-2.06235,57.15347],[-2.08955,57.10254],[-2.26025,56.86333],[-2.42666,56.73071],[-2.50098,56.63657],[-2.59268,56.56157],[-2.68096,56.5144],[-2.7752,56.48296],[-3.04741,56.44937],[-3.12358,56.42529],[-3.21445,56.38394],[-3.30996,56.36348],[-3.198,56.36606],[-3.08701,56.38906],[-2.88516,56.39751],[-2.65273,56.31826],[-2.67427,56.25342],[-2.76758,56.20215],[-2.97979,56.19409],[-3.17822,56.08013],[-3.26777,56.04507],[-3.36226,56.02764],[-3.48042,56.03281],[-3.69512,56.06333],[-3.78906,56.09521],[-3.70415,56.04316],[-3.60781,56.01602],[-3.04873,55.95195],[-3.01509,55.95859],[-2.83687,56.02627],[-2.59932,56.02729],[-2.14707,55.90298],[-2.01685,55.80796],[-1.83027,55.67173],[-1.72876,55.61855],[-1.65537,55.57036],[-1.61016,55.4981],[-1.52256,55.25952],[-1.42266,55.02642],[-1.29175,54.77388],[-1.23242,54.70371],[-1.15439,54.65449],[-0.75933,54.54141],[-0.67139,54.50391],[-0.51812,54.39512],[-0.37036,54.2792],[-0.23286,54.19014],[-0.08437,54.11807],[-0.1563,54.08062],[-0.20557,54.02173],[-0.16875,53.94165],[-0.10825,53.86519],[0.01055,53.74282],[0.11533,53.60928],[0.07671,53.62944],[0.03608,53.64053],[-0.01943,53.63721],[-0.07373,53.64365],[-0.17383,53.68545],[-0.27002,53.73677],[-0.46138,53.71616],[-0.56768,53.72539],[-0.65991,53.72402],[-0.48506,53.69438],[-0.2937,53.69233],[0.12832,53.46826],[0.271,53.3355],[0.35576,53.15996],[0.29805,53.0811],[0.2082,53.03003],[0.12441,52.97158],[0.0459,52.90562],[0.27979,52.80869],[0.33018,52.81162],[0.38193,52.8252],[0.43164,52.85815],[0.51553,52.93838],[0.55879,52.96694],[0.70449,52.97725],[0.82676,52.97109],[0.94854,52.95337],[1.05557,52.95898],[1.27129,52.92456],[1.38213,52.89351],[1.65674,52.75371],[1.71611,52.67725],[1.74336,52.57852],[1.74658,52.46899],[1.70039,52.3689],[1.64736,52.27852],[1.61465,52.16182],[1.59141,52.11978],[1.55898,52.08687],[1.41348,51.99478],[1.3168,51.95693],[1.27598,51.97354],[1.23242,51.97124],[1.22783,51.94912],[1.27383,51.9021],[1.27441,51.84536],[1.18848,51.80337],[1.10117,51.78545],[0.95508,51.80781],[0.75225,51.72959],[0.89805,51.6894],[0.92744,51.64663],[0.89092,51.57144],[0.79922,51.53789],[0.69756,51.52305],[0.59346,51.51948],[0.50723,51.50107],[0.42451,51.46562],[0.52832,51.48447],[0.60029,51.46797],[0.64551,51.40469],[0.68652,51.38657],[0.88936,51.35952],[1.01494,51.35972],[1.25713,51.3751],[1.37344,51.37471],[1.41494,51.36328],[1.41563,51.31084],[1.39756,51.18203],[1.36553,51.15547],[1.04443,51.04727],[0.97861,50.97168],[0.96016,50.92588],[0.77236,50.93398],[0.68438,50.88555],[0.53232,50.85342],[0.41475,50.81919],[0.29971,50.77598],[0.20508,50.76304],[-0.20391,50.81436],[-0.45078,50.81016],[-0.78525,50.76543],[-0.87139,50.7728],[-1.00059,50.81562],[-1.13286,50.84458],[-1.28506,50.85732],[-1.41646,50.89687],[-1.33447,50.8208],[-1.51675,50.74746],[-1.60083,50.73286],[-1.68789,50.73516],[-1.86602,50.71523],[-2.03105,50.72539],[-2.00625,50.67324],[-1.96206,50.62778],[-1.9979,50.60801],[-2.03584,50.60308],[-2.35015,50.6374],[-2.39468,50.63091],[-2.43345,50.59922],[-2.54775,50.61631],[-2.65884,50.66973],[-2.77695,50.70557],[-2.90088,50.72241],[-2.99941,50.7166],[-3.40459,50.63242],[-3.48545,50.54795],[-3.52588,50.42817],[-3.58437,50.32183],[-3.67979,50.23994],[-3.79336,50.22925],[-3.9002,50.28594],[-4.10342,50.34854],[-4.17256,50.39082],[-4.19458,50.39331],[-4.21729,50.37817],[-4.29697,50.35908],[-4.37949,50.3582],[-4.50669,50.34136],[-4.72798,50.29048],[-4.81738,50.25596],[-5.00952,50.16074],[-5.04863,50.13437],[-5.11851,50.03833],[-5.22524,50.02139],[-5.32285,50.08296],[-5.43398,50.10444],[-5.55122,50.0834],[-5.62212,50.05068],[-5.65518,50.07725],[-5.65625,50.13188],[-5.57065,50.19697],[-5.34229,50.24614],[-5.1418,50.37373],[-5.04346,50.45151],[-5.00444,50.49526],[-4.9564,50.52314],[-4.89355,50.53369],[-4.86128,50.58203],[-4.58291,50.77637],[-4.55996,50.82095],[-4.54609,50.90068],[-4.5231,50.97744],[-4.29648,51.02715],[-4.18818,51.18853],[-4.1584,51.20132],[-3.84233,51.23091],[-3.60791,51.22856],[-3.3751,51.19697],[-3.25576,51.19414],[-3.13599,51.20503],[-3.04204,51.24858],[-2.88125,51.40566],[-2.79082,51.4748],[-2.68721,51.53726],[-2.59028,51.60859],[-2.43306,51.74072],[-2.53936,51.69521],[-2.66768,51.623],[-2.74214,51.5811],[-2.97852,51.53887],[-3.08037,51.4958],[-3.25879,51.39849],[-3.29312,51.39043],[-3.56235,51.41382],[-3.7627,51.53994],[-3.89077,51.59165],[-3.94365,51.59751],[-3.99834,51.58213],[-4.11528,51.56641],[-4.23457,51.56909],[-4.17368,51.62734],[-4.09102,51.65991],[-4.27617,51.68252],[-4.32764,51.70024],[-4.38628,51.74106],[-4.53149,51.74805],[-4.60078,51.73765],[-4.71763,51.68369],[-4.90229,51.62627],[-5.12476,51.70586],[-5.16836,51.74072],[-5.16724,51.80806],[-5.20059,51.86138],[-5.2623,51.88018],[-5.18335,51.94966],[-5.08809,51.9959],[-4.87852,52.04185],[-4.56113,52.15088],[-4.38315,52.19731],[-4.21772,52.27744],[-4.14937,52.32627],[-4.09976,52.39312],[-4.05054,52.47515],[-3.98032,52.54175],[-4.04844,52.55762],[-4.07891,52.60786],[-4.0707,52.65884],[-4.03926,52.70405],[-4.06743,52.76074],[-4.11753,52.82002],[-4.11475,52.86616],[-4.10146,52.91548],[-4.22915,52.91284],[-4.35645,52.89741],[-4.47183,52.86245],[-4.58369,52.81494],[-4.68306,52.80615],[-4.68145,52.84414],[-4.63833,52.89111],[-4.52568,52.9582],[-4.40508,53.01382],[-4.36221,53.05605],[-4.32842,53.10513],[-4.26855,53.14453],[-4.11104,53.21895],[-3.80928,53.30269],[-3.76421,53.30762],[-3.6459,53.2979],[-3.52959,53.31055],[-3.42773,53.34067],[-3.32617,53.34717],[-3.09756,53.2603],[-3.16558,53.39468],[-3.06475,53.42686],[-2.91855,53.30537],[-2.86416,53.29258],[-2.74951,53.31021],[-2.79375,53.33071],[-2.84541,53.33193],[-2.91309,53.35024],[-2.96997,53.38921],[-3.0646,53.51284],[-3.05947,53.58623],[-2.9957,53.66255],[-2.9251,53.73276],[-2.98433,53.74673],[-3.03179,53.77358],[-3.04536,53.84385],[-3.02676,53.90591],[-2.89985,53.96069],[-2.8624,54.04385],[-2.84648,54.1353],[-2.86758,54.17725],[-2.99351,54.17051],[-3.05474,54.15342],[-3.10967,54.12632],[-3.16597,54.12793],[-3.32153,54.2291],[-3.41025,54.30562],[-3.56938,54.46758],[-3.59204,54.56436],[-3.4646,54.7731],[-3.26792,54.90659],[-3.03623,54.95308],[-3.08105,54.96196],[-3.43408,54.96377],[-3.55044,54.94741],[-3.6583,54.89287],[-3.71924,54.87612],[-3.78325,54.86992],[-3.8416,54.84277],[-3.89858,54.80508],[-3.95791,54.78096],[-4.07578,54.78721],[-4.13296,54.77925],[-4.17402,54.80107],[-4.2084,54.83716],[-4.25342,54.84678],[-4.30366,54.83569],[-4.40991,54.78706],[-4.51748,54.75835],[-4.64756,54.78901],[-4.81807,54.84614],[-4.85171,54.82529],[-4.8895,54.77227],[-4.91123,54.68945],[-5.03232,54.76138],[-5.1355,54.85752],[-5.17012,54.91792],[-5.17271,54.98589],[-5.1167,55.01226],[-5.05586,54.98813],[-4.96519,55.14946],[-4.78481,55.35942],[-4.72114,55.421],[-4.67676,55.50132],[-4.68437,55.55391],[-4.72417,55.59829],[-4.89185,55.69912],[-4.88965,55.7812],[-4.87168,55.87393],[-4.82607,55.92954],[-4.80684,55.94014],[-4.58408,55.93867],[-4.67095,55.96738],[-4.84409,56.05117],[-4.84102,56.08086],[-4.80029,56.15835],[-4.81914,56.15049],[-4.85625,56.1147],[-4.9271,56.02808],[-4.97036,56.00786],[-5.09282,55.9873],[-5.11499,55.94463],[-5.13467,55.9335],[-5.19585,55.92866],[-5.2146,55.88887],[-5.22822,55.88633],[-5.24561,55.92925],[-5.24731,56.00039],[-5.22295,56.06582],[-5.17642,56.11699],[-4.99697,56.23335],[-5.08433,56.19746],[-5.28232,56.08994],[-5.38345,56.01924],[-5.41045,55.99536],[-5.4189,55.97524],[-5.41831,55.95205],[-5.3729,55.82769],[-5.38584,55.77012],[-5.55645,55.3896],[-5.58877,55.35142],[-5.61846,55.33145],[-5.64653,55.32686],[-5.73066,55.33413],[-5.76821,55.36265],[-5.76787,55.39497],[-5.7521,55.44346],[-5.68135,55.62397],[-5.65063,55.67412],[-5.60503,55.72075],[-5.50449,55.80239],[-5.50693,55.80771],[-5.57388,55.7917],[-5.60239,55.79697],[-5.62285,55.81313],[-5.60957,56.05527],[-5.55527,56.13496],[-5.53496,56.25083],[-5.48789,56.35005],[-5.4334,56.42231],[-5.39194,56.51479],[-5.32944,56.55591],[-5.3127,56.6188],[-5.24258,56.68687],[-5.18838,56.75806],[-5.21758,56.75103],[-5.56421,56.56572],[-5.65244,56.53198],[-5.7728,56.54102],[-5.86484,56.56187],[-5.93677,56.60571],[-5.9689,56.68989],[-6.05771,56.69214],[-6.13369,56.70669],[-6.13276,56.71802],[-6.03472,56.76392],[-5.87764,56.77964],[-5.73062,56.85308],[-5.86143,56.90269],[-5.85039,56.91841],[-5.73628,56.96064],[-5.59131,57.10234],[-5.56191,57.23271],[-5.63125,57.29395],[-5.65635,57.33408],[-5.79492,57.37881],[-5.81807,57.43608],[-5.80195,57.46802],[-5.75674,57.49922],[-5.68862,57.52354],[-5.58179,57.54678],[-5.67876,57.57168],[-5.71494,57.60107],[-5.74238,57.64365],[-5.74492,57.66831],[-5.69473,57.77822],[-5.66548,57.82354],[-5.60835,57.88135],[-5.34902,57.87808],[-5.31919,57.90361],[-5.28979,57.90459],[-5.15723,57.88135],[-5.1769,57.9064],[-5.39375,58.0436],[-5.41318,58.06973],[-5.35137,58.1437],[-5.34687,58.17666],[-5.35596,58.21191],[-5.33828,58.23872],[-5.26953,58.25142],[-5.05996,58.25015],[-5.0083,58.26265],[-5.03184,58.29829],[-5.08062,58.34517],[-5.09014,58.38452],[-5.07871,58.41929],[-5.07603,58.48926],[-5.0665,58.52021],[-5.01675,58.56655],[-4.97563,58.58032],[-4.92466,58.58838],[-4.80962,58.5729],[-4.76577,58.5542],[-4.71543,58.51001],[-4.67822,58.51357],[-4.53496,58.56157],[-4.49189,58.56846],[-4.43325,58.51284],[-4.18862,58.55723],[-3.85952,58.5771],[-3.66182,58.6063],[-3.45356,58.61689],[-3.25913,58.65],[-3.05308,58.63481],[-3.04619,58.61553],[-3.05698,58.58877],[-3.10967,58.51548],[-3.10112,58.43369],[-3.11289,58.40889],[-3.13677,58.37832],[-3.21235,58.32124],[-3.41099,58.23965],[-3.775,58.0521],[-3.99004,57.95903],[-4.01963,57.91426],[-4.0356,57.852],[-3.90684,57.83965],[-3.85713,57.81855],[-3.88794,57.78691],[-4.07842,57.67705],[-4.13452,57.57773],[-3.98848,57.58125]],[[-9.54238,51.66445],[-9.5249,51.6811],[-9.57983,51.68926],[-9.89902,51.64707],[-10.00991,51.61113],[-10.12075,51.60068],[-10.06943,51.65557],[-9.92642,51.73071],[-9.84971,51.76611],[-9.80288,51.78013],[-9.74951,51.82427],[-9.59883,51.87441],[-10.08423,51.771],[-10.21172,51.78359],[-10.24175,51.81245],[-10.34106,51.79893],[-10.37871,51.86875],[-10.23159,51.97451],[-10.14585,52.02002],[-10.04404,52.04458],[-9.94604,52.07983],[-9.90967,52.12295],[-9.95581,52.13667],[-10.24951,52.12573],[-10.39023,52.13491],[-10.38262,52.16909],[-10.35669,52.20693],[-10.21094,52.27168],[-10.13208,52.28208],[-10.06177,52.27593],[-9.99312,52.25933],[-9.9373,52.23765],[-9.77212,52.2501],[-9.84106,52.29146],[-9.85322,52.37549],[-9.90605,52.40371],[-9.83848,52.44268],[-9.76113,52.46636],[-9.63223,52.54692],[-9.58633,52.55918],[-9.33125,52.57876],[-9.05615,52.62114],[-8.78345,52.67964],[-8.92329,52.7123],[-8.99028,52.75542],[-9.0979,52.66826],[-9.17539,52.63491],[-9.39424,52.61709],[-9.46348,52.6269],[-9.56104,52.65396],[-9.59136,52.64365],[-9.61953,52.62275],[-9.76436,52.57998],[-9.9166,52.56973],[-9.7396,52.64819],[-9.51499,52.78115],[-9.46489,52.82319],[-9.39365,52.89624],[-9.41572,52.92876],[-9.46196,52.94727],[-9.29922,53.09756],[-9.24189,53.12485],[-9.1376,53.12925],[-9.06113,53.15308],[-9.02744,53.15317],[-8.99717,53.16206],[-8.93013,53.20708],[-9.03354,53.23574],[-9.14033,53.25049],[-9.47075,53.23486],[-9.51421,53.23823],[-9.55518,53.25205],[-9.58174,53.27197],[-9.60176,53.32305],[-9.62598,53.33447],[-9.70059,53.33447],[-9.77407,53.31885],[-9.82539,53.32036],[-9.87578,53.34272],[-9.79541,53.39497],[-9.89902,53.40728],[-10.00391,53.39702],[-10.09126,53.41284],[-10.09399,53.44561],[-10.05439,53.47832],[-10.10625,53.50933],[-10.11699,53.54854],[-10.06172,53.56782],[-10.00137,53.56143],[-9.87827,53.59043],[-9.72065,53.60449],[-9.85586,53.63311],[-9.90972,53.65762],[-9.9123,53.69512],[-9.90161,53.7272],[-9.74507,53.78149],[-9.57822,53.80542],[-9.59053,53.84116],[-9.57886,53.87983],[-9.74751,53.89102],[-9.91406,53.86372],[-9.89624,53.9376],[-9.85635,54.0043],[-9.84849,54.04829],[-9.85645,54.09536],[-9.93447,54.07524],[-9.9436,54.1416],[-9.9771,54.18711],[-10.09268,54.15576],[-10.0897,54.21582],[-10.0564,54.25781],[-9.99595,54.27603],[-9.93594,54.26812],[-9.82456,54.2689],[-9.71714,54.30044],[-9.5623,54.30854],[-9.31553,54.29863],[-9.1459,54.20962],[-9.1021,54.22554],[-9.03428,54.28179],[-9.00244,54.28799],[-8.74678,54.26348],[-8.58804,54.2311],[-8.54556,54.24121],[-8.56846,54.30361],[-8.62314,54.34687],[-8.55444,54.40356],[-8.471,54.44194],[-8.41523,54.46108],[-8.28652,54.48486],[-8.23037,54.50728],[-8.19297,54.58013],[-8.13345,54.64082],[-8.45654,54.60928],[-8.76392,54.6812],[-8.71519,54.73203],[-8.65029,54.76089],[-8.53828,54.78296],[-8.52769,54.80947],[-8.471,54.83154],[-8.37729,54.88945],[-8.41172,54.96509],[-8.39326,55.02041],[-8.32578,55.05645],[-8.30469,55.1082],[-8.27461,55.14629],[-8.1377,55.15991],[-8.0061,55.19531],[-7.95859,55.19189],[-7.80317,55.20005],[-7.75054,55.18579],[-7.76255,55.24834],[-7.66709,55.25649],[-7.62979,55.24399],[-7.61338,55.19966],[-7.57002,55.17139],[-7.55664,55.12222],[-7.58569,55.08423],[-7.63428,55.05498],[-7.58984,55.02505],[-7.65874,54.97095],[-7.58437,54.99399],[-7.47842,55.04697],[-7.48394,55.09028],[-7.50195,55.14473],[-7.53145,55.19385],[-7.51787,55.24795],[-7.4583,55.28179],[-7.30176,55.29878],[-7.36597,55.36021],[-7.30879,55.36582],[-7.24668,55.35303],[-7.15532,55.30518],[-7.06025,55.26763],[-6.96167,55.23789],[-7.0564,55.17832],[-7.17285,55.13701],[-7.21865,55.09199],[-7.17861,55.05688],[-7.10063,55.04829],[-7.03076,55.08062],[-6.94717,55.18252],[-6.88896,55.18892],[-6.82485,55.18066],[-6.69883,55.19346],[-6.47505,55.24102],[-6.37529,55.2418],[-6.23423,55.21685],[-6.12915,55.21738],[-6.03579,55.14453],[-5.98574,55.02969],[-5.86919,54.91621],[-5.71685,54.81748],[-5.71074,54.75708],[-5.76519,54.72466],[-5.8791,54.68437],[-5.87861,54.64131],[-5.80347,54.66304],[-5.73862,54.67305],[-5.58252,54.66343],[-5.52793,54.61963],[-5.49019,54.55405],[-5.47041,54.5002],[-5.48389,54.44165],[-5.52588,54.46021],[-5.56855,54.5126],[-5.61597,54.53672],[-5.67109,54.54976],[-5.64609,54.47788],[-5.65596,54.38174],[-5.63188,54.37266],[-5.55781,54.371],[-5.60679,54.27256],[-5.70806,54.24585],[-5.82617,54.23584],[-5.85464,54.20098],[-5.87607,54.15605],[-5.93774,54.08906],[-6.01904,54.05127],[-6.11953,54.05889],[-6.21802,54.08872],[-6.17573,54.05352],[-6.15693,54.01724],[-6.23066,54.00361],[-6.30762,54.01104],[-6.34517,53.98721],[-6.34761,53.94131],[-6.32158,53.88218],[-6.27012,53.84023],[-6.229,53.7457],[-6.19487,53.64087],[-6.14185,53.57754],[-6.13096,53.49893],[-6.13877,53.4603],[-6.1291,53.39087],[-6.15166,53.36641],[-6.13472,53.30122],[-6.07227,53.16631],[-6.04502,53.09116],[-6.02739,52.9271],[-6.07148,52.86563],[-6.13066,52.80728],[-6.16934,52.73813],[-6.19922,52.66348],[-6.21724,52.54312],[-6.34541,52.402],[-6.39995,52.36694],[-6.46318,52.34536],[-6.325,52.24668],[-6.43794,52.20269],[-6.56108,52.18882],[-6.69731,52.21353],[-6.78223,52.2105],[-6.85972,52.17856],[-6.89023,52.15923],[-6.91465,52.16855],[-6.96577,52.24951],[-7.00327,52.16592],[-7.08179,52.13931],[-7.21621,52.14497],[-7.44087,52.12271],[-7.52729,52.09888],[-7.56318,52.06162],[-7.58984,52.01855],[-7.6249,51.99312],[-7.66455,51.97974],[-7.83799,51.948],[-7.87217,51.9353],[-7.95249,51.86577],[-8.05781,51.82559],[-8.14502,51.81353],[-8.22246,51.854],[-8.2543,51.87832],[-8.29023,51.89067],[-8.40918,51.88877],[-8.37163,51.87627],[-8.34736,51.84771],[-8.3356,51.79297],[-8.34912,51.73931],[-8.40781,51.71206],[-8.47783,51.70703],[-8.58828,51.65137],[-8.73447,51.63618],[-8.81343,51.58491],[-9.29648,51.49824],[-9.32388,51.49722],[-9.39058,51.51929],[-9.46289,51.52905],[-9.53486,51.52217],[-9.7373,51.47373],[-9.83535,51.48335],[-9.71035,51.60371],[-9.54238,51.66445]],[[-14.78823,66.33145],[-14.91221,66.28428],[-15.02998,66.17788],[-15.11738,66.12563],[-15.11641,66.10244],[-15.0103,66.06128],[-14.89404,66.03789],[-14.78716,66.05908],[-14.74043,66.05083],[-14.69819,66.02021],[-14.67437,65.98989],[-14.66899,65.95986],[-14.68823,65.89697],[-14.75254,65.83379],[-14.83931,65.78091],[-14.8271,65.76426],[-14.75752,65.75566],[-14.42622,65.78994],[-14.39185,65.7874],[-14.3728,65.77036],[-14.36909,65.73872],[-14.35088,65.71011],[-14.31816,65.68447],[-14.32837,65.65825],[-14.47339,65.57534],[-14.30229,65.62754],[-14.16694,65.64229],[-13.93545,65.61606],[-13.84072,65.58594],[-13.78525,65.53301],[-13.70513,65.55054],[-13.67031,65.54951],[-13.61787,65.51934],[-13.61602,65.48716],[-13.65444,65.44131],[-13.66777,65.39897],[-13.70801,65.38159],[-13.78325,65.36899],[-13.80479,65.35479],[-13.77163,65.32251],[-13.72285,65.29097],[-13.65347,65.2895],[-13.64111,65.275],[-13.63955,65.25747],[-13.64893,65.23696],[-13.67158,65.22285],[-13.70742,65.21514],[-13.75488,65.19253],[-13.58081,65.14302],[-13.55859,65.12466],[-13.5561,65.09766],[-13.56968,65.06812],[-13.59932,65.03594],[-13.65186,65.01685],[-13.77725,65.01372],[-13.854,64.99287],[-13.82783,64.95801],[-13.82983,64.91401],[-13.85293,64.86216],[-13.95166,64.78364],[-14.04443,64.74189],[-14.13516,64.71479],[-14.29697,64.72437],[-14.38511,64.74521],[-14.37529,64.67744],[-14.46538,64.63569],[-14.44834,64.60083],[-14.41699,64.58311],[-14.43257,64.53833],[-14.47539,64.49399],[-14.54707,64.44595],[-14.62822,64.41597],[-14.78955,64.37983],[-14.92739,64.31968],[-15.02158,64.2959],[-15.25586,64.29692],[-15.49497,64.2582],[-15.83291,64.17666],[-16.06045,64.11123],[-16.23604,64.03721],[-16.46807,63.91636],[-16.64033,63.86548],[-16.7397,63.85176],[-16.93306,63.84092],[-17.09512,63.80811],[-17.63345,63.74658],[-17.81572,63.71299],[-17.83926,63.68237],[-17.91484,63.63638],[-17.91958,63.61973],[-17.88638,63.60688],[-17.88027,63.59019],[-17.94692,63.53574],[-18.08003,63.49634],[-18.14292,63.49697],[-18.21904,63.53086],[-18.2522,63.52969],[-18.26523,63.52451],[-18.26602,63.51387],[-18.22227,63.47319],[-18.30283,63.45425],[-18.65361,63.40669],[-19.2502,63.44199],[-19.48657,63.47852],[-19.77827,63.53657],[-19.95195,63.55205],[-20.19814,63.55581],[-20.40044,63.63711],[-20.49404,63.68735],[-20.50156,63.7082],[-20.49102,63.73198],[-20.46997,63.74819],[-20.43848,63.75698],[-20.37173,63.75786],[-20.36304,63.76494],[-20.41396,63.80518],[-20.4627,63.79214],[-20.59297,63.73535],[-20.65093,63.7374],[-20.72705,63.76577],[-20.72993,63.79336],[-20.87876,63.80391],[-21.00811,63.83838],[-21.13657,63.88794],[-21.15576,63.90684],[-21.09404,63.93442],[-21.10596,63.93984],[-21.15239,63.94453],[-21.24624,63.93545],[-21.3876,63.8728],[-21.44863,63.8584],[-22.37256,63.84375],[-22.60688,63.83726],[-22.6522,63.82773],[-22.69302,63.86851],[-22.72939,63.95947],[-22.74297,64.01938],[-22.73364,64.04839],[-22.70117,64.0832],[-22.65093,64.07729],[-22.60308,64.04961],[-22.55981,64.01035],[-22.51006,63.99146],[-22.1876,64.03921],[-22.05664,64.07134],[-22.00098,64.10186],[-21.93545,64.15376],[-21.86592,64.18032],[-21.83276,64.20542],[-21.76758,64.28486],[-21.72256,64.32178],[-21.66865,64.34902],[-21.60601,64.3666],[-21.46333,64.37915],[-21.55718,64.39785],[-21.64668,64.39785],[-21.95122,64.31392],[-22.05337,64.31392],[-22.04907,64.327],[-22.00601,64.35068],[-21.90127,64.3916],[-21.97319,64.39468],[-22.00068,64.41318],[-22.00381,64.4522],[-21.95034,64.51499],[-21.70239,64.5978],[-21.61665,64.61001],[-21.59062,64.62637],[-21.62314,64.63975],[-21.67495,64.64771],[-21.92441,64.56255],[-22.10601,64.53306],[-22.15996,64.53882],[-22.25391,64.57188],[-22.28418,64.58657],[-22.32471,64.62441],[-22.32012,64.64722],[-22.23359,64.71396],[-22.24756,64.7269],[-22.30703,64.7335],[-22.46704,64.79497],[-22.72031,64.78882],[-23.34697,64.82437],[-23.47646,64.80928],[-23.68994,64.75654],[-23.81899,64.73916],[-23.87856,64.75063],[-23.93276,64.77852],[-23.98198,64.81611],[-24.02617,64.86343],[-24.00703,64.89644],[-23.92441,64.91523],[-23.86382,64.92417],[-23.69321,64.91274],[-23.4853,64.94585],[-23.35269,64.95278],[-23.3146,64.95801],[-23.23652,64.99326],[-23.198,65.00215],[-23.13789,64.98979],[-23.10884,64.96587],[-22.89951,65.00303],[-22.82769,65.02168],[-22.81958,65.03311],[-22.78809,65.04648],[-22.68398,65.02637],[-22.59971,65.02573],[-22.49448,65.03955],[-22.30845,65.04565],[-21.89214,65.04878],[-21.82979,65.0791],[-21.80044,65.10591],[-21.76372,65.17373],[-21.77998,65.1877],[-22.03999,65.12524],[-22.09932,65.12622],[-22.40029,65.15933],[-22.50908,65.19678],[-22.47344,65.22686],[-22.31396,65.2916],[-22.14932,65.34355],[-21.90698,65.39971],[-21.85024,65.42153],[-21.84438,65.44736],[-22.00576,65.49346],[-22.31147,65.48071],[-22.3897,65.5354],[-22.6436,65.56777],[-22.81265,65.54741],[-22.90249,65.58047],[-23.12207,65.53477],[-23.60454,65.4686],[-23.79648,65.42275],[-23.8999,65.40757],[-24.01899,65.44502],[-24.22397,65.48721],[-24.45479,65.50034],[-24.47568,65.5252],[-24.34106,65.60122],[-24.24893,65.61499],[-24.1561,65.60801],[-23.979,65.55498],[-23.85674,65.53838],[-24.01001,65.61621],[-24.00601,65.64614],[-24.01758,65.69092],[-24.06504,65.71016],[-24.11191,65.75972],[-24.09263,65.77646],[-24.03242,65.78232],[-23.90908,65.76558],[-23.61592,65.67959],[-23.47197,65.69482],[-23.39297,65.72651],[-23.28535,65.75],[-23.31592,65.76226],[-23.56929,65.76372],[-23.70474,65.7812],[-23.77324,65.80635],[-23.83262,65.84922],[-23.81172,65.8689],[-23.74131,65.88457],[-23.52495,65.88003],[-23.66748,65.9543],[-23.76655,65.99697],[-23.77734,66.01758],[-23.77056,66.04346],[-23.75713,66.06079],[-23.73716,66.06943],[-23.48887,66.02607],[-23.43447,66.02422],[-23.48467,66.05225],[-23.59355,66.09341],[-23.59854,66.10884],[-23.55264,66.12158],[-23.52998,66.14502],[-23.52793,66.1644],[-23.45254,66.18101],[-23.37656,66.18174],[-23.3,66.1666],[-23.06255,66.08623],[-23.02852,66.06367],[-23.01729,66.03394],[-23.02891,65.99707],[-23.01899,65.98213],[-22.92622,65.99482],[-22.85225,65.9793],[-22.81533,65.9835],[-22.72334,66.03901],[-22.65986,66.02593],[-22.62158,65.99995],[-22.60972,65.97646],[-22.60405,65.94419],[-22.62021,65.87695],[-22.61602,65.86748],[-22.55156,65.90542],[-22.4417,65.9083],[-22.42754,65.92739],[-22.42422,65.9981],[-22.43315,66.05767],[-22.44531,66.07002],[-22.80645,66.15259],[-22.86924,66.17207],[-22.9479,66.21274],[-22.93198,66.2332],[-22.86162,66.25146],[-22.75552,66.25874],[-22.50937,66.25776],[-22.48442,66.26631],[-22.53213,66.28774],[-22.64609,66.30156],[-22.67275,66.31392],[-22.68623,66.3377],[-22.82134,66.32471],[-22.97202,66.32417],[-23.11694,66.33872],[-23.11992,66.35723],[-23.0627,66.38438],[-22.94434,66.42944],[-22.88921,66.44062],[-22.72373,66.43276],[-22.55933,66.44541],[-22.42612,66.43013],[-22.32046,66.3855],[-22.17021,66.30713],[-21.96699,66.25698],[-21.94839,66.24126],[-21.84023,66.2002],[-21.62529,66.0897],[-21.40688,66.02559],[-21.39678,66.00928],[-21.43271,65.99009],[-21.51665,65.96758],[-21.49746,65.95508],[-21.38779,65.93877],[-21.30879,65.89531],[-21.30347,65.87646],[-21.3749,65.74189],[-21.41284,65.71333],[-21.45664,65.69824],[-21.65845,65.72358],[-21.61035,65.68076],[-21.46626,65.63516],[-21.43364,65.60967],[-21.45513,65.58467],[-21.4394,65.57891],[-21.38662,65.59243],[-21.36475,65.57822],[-21.37388,65.53638],[-21.39634,65.50166],[-21.43218,65.47407],[-21.42188,65.46216],[-21.36548,65.46582],[-21.31255,65.45869],[-21.22998,65.42061],[-21.16299,65.30425],[-21.12969,65.2666],[-21.10571,65.3],[-21.07559,65.38496],[-21.04731,65.42837],[-21.02085,65.43027],[-20.998,65.44453],[-20.97886,65.47119],[-20.93975,65.56519],[-20.80435,65.63643],[-20.7397,65.65825],[-20.67896,65.66309],[-20.64941,65.6542],[-20.54814,65.57949],[-20.48652,65.56694],[-20.45483,65.57104],[-20.41152,65.62173],[-20.35664,65.71904],[-20.34409,65.82773],[-20.37393,65.94771],[-20.35659,66.03325],[-20.29214,66.08437],[-20.20752,66.1001],[-20.10269,66.08047],[-20.02607,66.04927],[-19.87476,65.93013],[-19.75264,65.86777],[-19.64785,65.80078],[-19.59355,65.77905],[-19.4897,65.76807],[-19.46182,65.77236],[-19.44326,65.78784],[-19.43389,65.81445],[-19.45625,65.98491],[-19.42705,66.03799],[-19.38296,66.07568],[-19.19531,66.0979],[-19.09321,66.12153],[-18.99375,66.16035],[-18.91133,66.18115],[-18.8459,66.18394],[-18.77754,66.1688],[-18.7062,66.13574],[-18.59492,66.07134],[-18.45493,65.96455],[-18.27695,65.88472],[-18.18364,65.75801],[-18.16372,65.73657],[-18.14194,65.73408],[-18.11841,65.75054],[-18.10332,65.77393],[-18.09902,65.83027],[-18.14888,65.90503],[-18.31533,66.09316],[-18.31821,66.12881],[-18.29717,66.15742],[-18.17988,66.16055],[-17.90698,66.14331],[-17.81982,66.11411],[-17.63433,65.99917],[-17.58223,65.97139],[-17.55044,65.9644],[-17.53901,65.97832],[-17.46704,65.99966],[-17.41724,66.02554],[-17.33428,66.08887],[-17.15303,66.20283],[-17.11538,66.2062],[-17.06245,66.19722],[-16.96953,66.16738],[-16.92544,66.14346],[-16.83804,66.12524],[-16.74844,66.13164],[-16.62476,66.17158],[-16.48501,66.19595],[-16.43711,66.25254],[-16.42808,66.27837],[-16.54067,66.44673],[-16.49336,66.48115],[-16.24932,66.5229],[-16.03589,66.52607],[-15.9854,66.51465],[-15.85093,66.43286],[-15.75977,66.3917],[-15.71377,66.35859],[-15.70278,66.28574],[-15.64736,66.25879],[-15.54312,66.22852],[-15.42847,66.2248],[-15.24092,66.25913],[-15.1624,66.28169],[-14.96997,66.35972],[-14.8561,66.38145],[-14.68066,66.37612],[-14.59585,66.38154],[-14.5939,66.37397],[-14.70166,66.34229],[-14.78823,66.33145]],[[14.18037,36.0604],[14.19424,36.04224],[14.25361,36.01216],[14.31348,36.02759],[14.3209,36.03623],[14.30371,36.0623],[14.26328,36.07578],[14.18037,36.0604]],[[13.87119,40.76182],[13.85352,40.72407],[13.86768,40.70874],[13.89365,40.69697],[13.93828,40.70562],[13.96084,40.71816],[13.96211,40.7394],[13.87119,40.76182]],[[11.94805,36.84307],[11.93643,36.82861],[11.94063,36.78037],[12.00332,36.746],[12.05127,36.75703],[12.04805,36.77637],[12.02422,36.82095],[11.94805,36.84307]],[[6.19326,53.47681],[6.3334,53.51074],[6.29092,53.51499],[6.16768,53.49375],[6.15928,53.48394],[6.19326,53.47681]],[[5.70811,53.47339],[5.6543,53.4665],[5.66533,53.45488],[5.73203,53.44263],[5.9293,53.45884],[5.92822,53.46499],[5.87627,53.4751],[5.70811,53.47339]],[[5.02705,53.31021],[4.90791,53.24624],[4.92373,53.23457],[5.10859,53.30801],[5.02705,53.31021]],[[5.41514,53.43145],[5.19023,53.3918],[5.23262,53.37778],[5.32578,53.38574],[5.58262,53.43809],[5.55742,53.44355],[5.41514,53.43145]],[[-25.16353,37.01855],[-25.19839,36.99653],[-25.15991,36.94336],[-25.08838,36.94888],[-25.03154,36.94155],[-25.02734,36.95996],[-25.04434,37.0002],[-25.08291,37.02402],[-25.16353,37.01855]],[[16.97754,42.92778],[17.08936,42.91489],[17.18828,42.91704],[17.16982,42.93262],[17.09365,42.96436],[16.97109,42.98149],[16.83555,42.96865],[16.65068,42.99658],[16.66631,42.95991],[16.69639,42.93369],[16.73887,42.91274],[16.85068,42.89551],[16.97754,42.92778]],[[17.12412,43.11543],[17.19404,43.12578],[17.06113,43.1439],[16.69727,43.17495],[16.65596,43.21377],[16.52139,43.22925],[16.37646,43.21377],[16.40586,43.19736],[16.5498,43.1439],[16.6792,43.12314],[17.12412,43.11543]],[[16.62744,43.26807],[16.49033,43.28618],[16.42314,43.31724],[16.42813,43.34341],[16.44893,43.38706],[16.60156,43.38188],[16.83438,43.35083],[16.89131,43.31465],[16.87363,43.29795],[16.78525,43.27065],[16.62744,43.26807]],[[-2.64614,49.46821],[-2.63901,49.45093],[-2.54736,49.42871],[-2.5123,49.49453],[-2.5209,49.5063],[-2.54219,49.50659],[-2.64614,49.46821]],[[-2.22051,49.26636],[-2.23584,49.17637],[-2.16567,49.1874],[-2.09102,49.1874],[-2.05376,49.16982],[-2.00991,49.18081],[-2.01865,49.23125],[-2.08223,49.25537],[-2.22051,49.26636]],[[18.39756,59.08911],[18.37725,59.06904],[18.3499,59.02261],[18.37188,59.01958],[18.41621,59.0291],[18.48555,59.10459],[18.46494,59.10786],[18.39756,59.08911]],[[18.6209,59.5478],[18.57236,59.52583],[18.55518,59.48579],[18.54512,59.47783],[18.57031,59.43726],[18.59541,59.47036],[18.62383,59.49219],[18.69795,59.52461],[18.69844,59.53462],[18.6209,59.5478]],[[31.58486,46.30317],[31.50879,46.37314],[31.52871,46.30659],[31.56387,46.25776],[31.7002,46.21406],[32.00938,46.16782],[32.1501,46.15469],[32.01221,46.20391],[31.63848,46.27256],[31.58486,46.30317]],[[22.41104,58.86338],[22.47891,58.75381],[22.47266,58.71206],[22.54219,58.68999],[22.66143,58.70918],[22.76729,58.8209],[22.79287,58.79722],[22.8417,58.77744],[22.92373,58.8269],[23.00869,58.83394],[22.98164,58.91982],[22.90986,58.99121],[22.72549,59.01509],[22.71221,59.03198],[22.70225,59.07441],[22.64941,59.08711],[22.58721,59.0812],[22.50459,59.02646],[22.4626,58.97432],[22.05625,58.9436],[22.16191,58.89849],[22.30742,58.89546],[22.41104,58.86338]],[[23.16543,58.67812],[23.10908,58.65923],[23.06348,58.61108],[23.26035,58.53999],[23.34355,58.55034],[23.35645,58.57554],[23.33281,58.64858],[23.16543,58.67812]],[[35.8584,65.07793],[35.84844,65.14268],[35.81611,65.18208],[35.7291,65.19756],[35.60869,65.15713],[35.58574,65.16709],[35.52891,65.15107],[35.55859,65.0936],[35.62139,65.05879],[35.68008,65.05762],[35.77871,64.97666],[35.84229,65.00146],[35.82734,65.03647],[35.8584,65.07793]],[[42.63145,66.78223],[42.54746,66.79551],[42.46855,66.78555],[42.46006,66.77036],[42.47734,66.73506],[42.67559,66.68809],[42.71367,66.70171],[42.69072,66.7353],[42.63145,66.78223]],[[-8.3437,71.14014],[-8.5208,71.03066],[-8.96465,70.91592],[-9.09888,70.85488],[-9.0458,70.83267],[-8.95356,70.83916],[-8.63535,70.94043],[-8.30234,70.98115],[-8.0021,71.04126],[-7.97881,71.11689],[-8.00137,71.17769],[-8.3437,71.14014]],[[27.91445,36.34531],[27.81523,36.27695],[27.77441,36.21377],[27.71631,36.17158],[27.71865,36.14111],[27.75732,36.06919],[27.71553,35.95732],[27.7457,35.91104],[27.77061,35.9083],[27.84277,35.9293],[27.96553,36.04751],[28.08779,36.06533],[28.06768,36.12969],[28.14404,36.20986],[28.23008,36.37026],[28.23184,36.43364],[28.17148,36.42622],[27.91445,36.34531]],[[27.15723,35.62949],[27.20703,35.71445],[27.22314,35.82046],[27.15801,35.78867],[27.15605,35.72627],[27.0707,35.59775],[27.11582,35.51113],[27.09912,35.45645],[27.13789,35.40908],[27.17607,35.46528],[27.23359,35.47856],[27.20889,35.55894],[27.15723,35.62949]],[[27.8625,36.64116],[27.83682,36.63486],[27.78574,36.60752],[27.78809,36.58369],[27.83828,36.53799],[27.86016,36.55391],[27.86904,36.58267],[27.86982,36.62251],[27.8625,36.64116]],[[27.04014,37.00156],[27.01602,37.00967],[26.9666,37.0521],[26.88867,37.08726],[26.9377,37.02461],[26.91992,36.94521],[27.01973,36.95903],[27.03457,36.97598],[27.04014,37.00156]],[[27.06113,36.84038],[26.95557,36.77422],[26.91836,36.72593],[26.94961,36.7271],[27.03359,36.77075],[27.15098,36.77759],[27.19316,36.80913],[27.35215,36.8689],[27.26562,36.90513],[27.21494,36.89863],[27.06113,36.84038]],[[25.36191,37.07041],[25.3959,36.98438],[25.45674,36.92969],[25.5459,36.96758],[25.58428,37.03931],[25.58789,37.15254],[25.56436,37.18511],[25.52529,37.19639],[25.36191,37.07041]],[[25.27529,37.13784],[25.23506,37.14854],[25.14648,37.10742],[25.10547,37.03496],[25.1333,36.99966],[25.19941,36.99131],[25.27891,37.06841],[25.27148,37.08418],[25.27529,37.13784]],[[25.41465,36.44229],[25.41289,36.40488],[25.39717,36.37896],[25.37051,36.35894],[25.43594,36.34009],[25.48242,36.39263],[25.46738,36.43506],[25.40898,36.47373],[25.39688,36.46533],[25.41465,36.44229]],[[25.36436,36.65835],[25.38174,36.67402],[25.40693,36.71733],[25.2959,36.78916],[25.25996,36.75845],[25.28867,36.72153],[25.36436,36.65835]],[[26.98154,37.78198],[26.94736,37.77847],[26.82441,37.81143],[26.74336,37.80977],[26.63867,37.78086],[26.58105,37.72373],[26.61289,37.7105],[26.72051,37.70547],[26.78828,37.65698],[26.84492,37.64473],[26.97813,37.70049],[27.05508,37.70928],[27.03965,37.77002],[26.98154,37.78198]],[[26.21152,37.63828],[26.08633,37.63491],[25.99678,37.56558],[25.98242,37.52559],[26.0293,37.52939],[26.20488,37.56851],[26.29688,37.61958],[26.35137,37.67432],[26.32559,37.67305],[26.21152,37.63828]],[[25.94199,36.88657],[25.85244,36.84756],[25.83438,36.82539],[25.79678,36.80703],[25.74316,36.78975],[25.77109,36.78223],[25.85938,36.79043],[25.98467,36.87969],[26.06445,36.90273],[26.00068,36.9374],[25.94199,36.88657]],[[26.33701,36.58057],[26.26982,36.59541],[26.27002,36.54692],[26.33145,36.51138],[26.38164,36.56152],[26.46064,36.5854],[26.42129,36.62422],[26.37002,36.63857],[26.38418,36.60786],[26.33701,36.58057]],[[24.27744,37.60112],[24.28896,37.52827],[24.35596,37.57686],[24.40078,37.64902],[24.3791,37.68271],[24.32041,37.67773],[24.27744,37.60112]],[[24.39775,37.38345],[24.37891,37.31411],[24.43574,37.34443],[24.48145,37.40801],[24.44854,37.44956],[24.43125,37.4752],[24.39482,37.45039],[24.36973,37.41963],[24.39775,37.38345]],[[24.4252,36.71294],[24.35742,36.74429],[24.34492,36.723],[24.32598,36.65562],[24.53066,36.68398],[24.5375,36.70503],[24.53574,36.76377],[24.46035,36.74746],[24.4502,36.72896],[24.4252,36.71294]],[[24.94287,37.49351],[24.90654,37.50889],[24.89531,37.44634],[24.89619,37.40659],[24.91152,37.39058],[24.93789,37.3897],[24.94287,37.49351]],[[24.94844,37.85767],[24.95635,37.90479],[24.85508,37.91367],[24.79043,37.99014],[24.76338,37.9875],[24.7002,37.96167],[24.71436,37.89888],[24.7665,37.8707],[24.79854,37.82402],[24.88408,37.77051],[24.96221,37.69238],[24.9917,37.75962],[24.98047,37.79692],[24.94844,37.85767]],[[25.15635,37.54507],[25.21875,37.53511],[25.25586,37.59961],[25.22539,37.63066],[25.0918,37.648],[25.03936,37.68066],[24.99648,37.6769],[25.01631,37.64595],[25.05195,37.61445],[25.15635,37.54507]],[[24.67646,36.95928],[24.70264,36.91709],[24.7209,36.92144],[24.76318,36.94922],[24.71611,37.02383],[24.68145,37.02163],[24.671,36.99858],[24.67646,36.95928]],[[26.0125,38.60171],[25.84609,38.57402],[25.85127,38.5084],[25.95996,38.41602],[25.99141,38.35352],[25.95264,38.30264],[25.87432,38.26963],[25.89189,38.24331],[25.99854,38.16152],[26.09404,38.21807],[26.10313,38.23418],[26.11074,38.27964],[26.15703,38.30293],[26.14961,38.46846],[26.14121,38.48618],[26.16035,38.54072],[26.11045,38.54463],[26.0125,38.60171]],[[26.53105,39.17178],[26.39277,39.27012],[26.41016,39.32944],[26.34775,39.38301],[26.16543,39.37354],[26.16484,39.33198],[26.08838,39.3043],[26.02646,39.28462],[25.90957,39.28755],[25.84414,39.20005],[25.85547,39.17866],[25.90625,39.13896],[26.07236,39.09561],[26.17598,39.19429],[26.27314,39.19756],[26.24512,39.16411],[26.10791,39.08105],[26.16084,39.02588],[26.39014,38.97393],[26.46875,38.9728],[26.54717,38.99414],[26.50313,39.03145],[26.48867,39.0748],[26.53154,39.06436],[26.58398,39.03145],[26.59561,39.04883],[26.57822,39.10952],[26.53105,39.17178]],[[23.73516,39.08057],[23.77979,39.1144],[23.59395,39.20859],[23.66611,39.09536],[23.73516,39.08057]],[[23.9709,39.26772],[23.88809,39.22637],[23.84121,39.14658],[23.88799,39.1583],[23.93975,39.20054],[23.9709,39.26772]],[[24.58125,38.87886],[24.56406,38.94224],[24.48564,38.98027],[24.47344,38.96167],[24.46104,38.88862],[24.56641,38.83237],[24.56455,38.81943],[24.54102,38.78867],[24.56904,38.78481],[24.67471,38.80923],[24.58125,38.87886]],[[25.56855,40.51587],[25.44805,40.48281],[25.57266,40.40044],[25.68574,40.42656],[25.66426,40.46387],[25.62432,40.49199],[25.56855,40.51587]],[[25.37363,40.01553],[25.34805,39.98477],[25.28574,39.9563],[25.23418,40.00542],[25.05801,39.99966],[25.05234,39.97637],[25.06523,39.90986],[25.06221,39.85239],[25.12646,39.82583],[25.18516,39.82993],[25.20322,39.84941],[25.22383,39.89258],[25.24941,39.89414],[25.25176,39.85439],[25.26338,39.82295],[25.29873,39.8061],[25.35703,39.80811],[25.37207,39.89131],[25.3999,39.94956],[25.4377,39.9833],[25.44912,40.03481],[25.37363,40.01553]],[[24.62334,40.79292],[24.58555,40.76875],[24.5167,40.68721],[24.51553,40.64702],[24.6459,40.57944],[24.77422,40.61519],[24.76865,40.65889],[24.78633,40.70386],[24.77363,40.73027],[24.71914,40.78628],[24.62334,40.79292]],[[25.74092,40.19629],[25.66895,40.13589],[25.74023,40.10547],[25.97002,40.13633],[25.97705,40.17783],[25.91836,40.23799],[25.8748,40.23369],[25.74092,40.19629]],[[-16.69326,32.75801],[-16.77397,32.77354],[-16.9292,32.84141],[-17.05449,32.81587],[-17.19087,32.8686],[-17.24102,32.80737],[-17.22603,32.76685],[-17.17119,32.72187],[-17.01826,32.66279],[-16.8374,32.64829],[-16.76528,32.70972],[-16.69326,32.75801]],[[-16.33447,28.37993],[-16.11914,28.52827],[-16.12363,28.57598],[-16.31899,28.5582],[-16.51743,28.4127],[-16.55684,28.40049],[-16.75205,28.36982],[-16.84307,28.37612],[-16.90532,28.3396],[-16.86602,28.29326],[-16.79473,28.14917],[-16.65801,28.00718],[-16.54277,28.03208],[-16.49624,28.06191],[-16.41821,28.15142],[-16.33447,28.37993]],[[-13.53506,29.14429],[-13.6501,29.11899],[-13.78818,29.0561],[-13.82363,29.01333],[-13.85991,28.86909],[-13.78398,28.84546],[-13.71597,28.91123],[-13.55469,28.96021],[-13.47793,29.00659],[-13.45376,29.15137],[-13.42295,29.19751],[-13.46357,29.23721],[-13.50142,29.21123],[-13.53506,29.14429]],[[-14.02837,28.61743],[-14.15259,28.40664],[-14.23198,28.21582],[-14.35557,28.12969],[-14.4918,28.10093],[-14.4686,28.08237],[-14.33262,28.05601],[-14.19678,28.16929],[-13.92803,28.25347],[-13.86299,28.40933],[-13.82759,28.58516],[-13.82715,28.69121],[-13.85723,28.73804],[-13.88628,28.74468],[-13.95415,28.74146],[-14.00337,28.70669],[-14.02837,28.61743]],[[-15.40059,28.14736],[-15.41548,28.15933],[-15.43271,28.15425],[-15.45278,28.13691],[-15.68276,28.15405],[-15.72095,28.06416],[-15.80246,28.0]],[[-15.38533,28.0],[-15.40669,28.07051],[-15.40059,28.14736]],[[-17.3249,28.11768],[-17.27393,28.03828],[-17.22539,28.01353],[-17.18467,28.02197],[-17.10107,28.08345],[-17.10376,28.11113],[-17.12964,28.15596],[-17.21436,28.19927],[-17.25859,28.20317],[-17.29033,28.17632],[-17.3249,28.11768]],[[-17.92881,28.84458],[-18.00078,28.75825],[-17.88213,28.5646],[-17.85938,28.48569],[-17.83428,28.49321],[-17.75801,28.56909],[-17.74438,28.61602],[-17.75161,28.68857],[-17.72656,28.72446],[-17.74453,28.78657],[-17.79756,28.84678],[-17.92881,28.84458]],[[11.25488,34.82031],[11.15303,34.74458],[11.12363,34.68169],[11.27803,34.75381],[11.28105,34.8022],[11.25488,34.82031]],[[10.92197,33.89312],[10.74521,33.88867],[10.73389,33.85562],[10.72207,33.73892],[10.75703,33.71748],[10.78477,33.71768],[10.85742,33.68716],[10.88301,33.69019],[10.93135,33.71743],[10.95762,33.72207],[10.99307,33.74595],[11.0376,33.78506],[11.03359,33.80503],[11.01787,33.82334],[10.92197,33.89312]],[[-4.41206,54.18535],[-4.39229,54.22539],[-4.33799,54.26909],[-4.3772,54.39258],[-4.39556,54.40293],[-4.42471,54.40718],[-4.50864,54.37671],[-4.61484,54.26694],[-4.69873,54.2249],[-4.74556,54.1188],[-4.78535,54.07305],[-4.76577,54.06943],[-4.69609,54.08145],[-4.61426,54.05869],[-4.41206,54.18535]],[[-6.56992,56.66123],[-6.66855,56.5936],[-6.66445,56.57944],[-6.60762,56.58501],[-6.53008,56.62661],[-6.48369,56.66577],[-6.50605,56.67236],[-6.56992,56.66123]],[[-5.10498,55.57397],[-5.1604,55.6668],[-5.18545,55.69097],[-5.25161,55.71694],[-5.31812,55.70918],[-5.3457,55.69072],[-5.3708,55.66694],[-5.39268,55.61836],[-5.33149,55.48105],[-5.27705,55.45674],[-5.23149,55.4481],[-5.10542,55.44883],[-5.09473,55.49434],[-5.10498,55.57397]],[[-5.83604,56.52256],[-5.94668,56.53452],[-6.02959,56.60981],[-6.10273,56.64565],[-6.13828,56.64985],[-6.18208,56.64297],[-6.28633,56.61187],[-6.30625,56.59878],[-6.31968,56.56943],[-6.31064,56.55215],[-6.13887,56.49063],[-6.18486,56.35688],[-6.29849,56.33916],[-6.32583,56.32095],[-6.31343,56.29365],[-6.17617,56.28872],[-5.77788,56.34434],[-5.76084,56.49067],[-5.83604,56.52256]],[[-6.12891,55.93057],[-6.21567,55.90459],[-6.31128,55.85649],[-6.34414,55.87373],[-6.37495,55.87134],[-6.41318,55.85464],[-6.44526,55.83237],[-6.46284,55.80825],[-6.46646,55.76899],[-6.49565,55.71157],[-6.49136,55.69731],[-6.45195,55.70425],[-6.33389,55.77437],[-6.30176,55.78062],[-6.28643,55.77251],[-6.30205,55.72837],[-6.27002,55.67031],[-6.30723,55.61914],[-6.30508,55.60693],[-6.25317,55.60723],[-6.08838,55.65752],[-6.05532,55.69531],[-6.05762,55.72251],[-6.09282,55.80215],[-6.12891,55.93057]],[[-5.93906,56.04526],[-5.97266,56.00444],[-5.97031,55.99219],[-5.91177,55.97476],[-6.04131,55.92563],[-6.07197,55.89312],[-6.0707,55.84766],[-6.06035,55.8229],[-6.04155,55.80679],[-5.99092,55.80381],[-5.97007,55.81455],[-5.79722,56.00562],[-5.72515,56.11855],[-5.76226,56.12031],[-5.79961,56.10879],[-5.93906,56.04526]],[[-1.09331,60.72021],[-1.16553,60.60391],[-1.06787,60.50229],[-1.04253,60.51387],[-1.03423,60.53018],[-1.03511,60.59292],[-1.04902,60.64692],[-1.04502,60.65552],[-1.00034,60.65801],[-0.99165,60.68604],[-1.00562,60.7165],[-1.09331,60.72021]],[[-1.23574,60.4853],[-1.2874,60.46704],[-1.30811,60.5375],[-1.30171,60.60767],[-1.36396,60.60957],[-1.41421,60.59873],[-1.49814,60.52983],[-1.55264,60.51743],[-1.57178,60.49443],[-1.54883,60.4813],[-1.44956,60.46855],[-1.37461,60.33291],[-1.49443,60.29248],[-1.57666,60.29839],[-1.66377,60.28252],[-1.66006,60.26226],[-1.64136,60.23677],[-1.61304,60.2291],[-1.5166,60.23101],[-1.49912,60.22178],[-1.49687,60.19399],[-1.48149,60.17339],[-1.40903,60.1895],[-1.3228,60.18838],[-1.29092,60.15347],[-1.27617,60.11465],[-1.29951,60.03984],[-1.35586,59.91113],[-1.29946,59.87866],[-1.28379,59.88691],[-1.24531,59.97124],[-1.19932,60.00659],[-1.17925,60.11392],[-1.16572,60.12427],[-1.15278,60.17734],[-1.13369,60.20698],[-1.06567,60.38159],[-1.05244,60.44448],[-1.11797,60.41763],[-1.15776,60.41772],[-1.23574,60.4853]],[[-0.82549,60.68394],[-0.82617,60.71616],[-0.77432,60.80049],[-0.77427,60.81196],[-0.80181,60.83125],[-0.82344,60.83188],[-0.86494,60.80581],[-0.89141,60.81592],[-0.91582,60.81045],[-0.92754,60.79717],[-0.93809,60.74565],[-0.92227,60.69727],[-0.90913,60.68701],[-0.82549,60.68394]],[[-3.27192,58.90527],[-3.35742,58.91899],[-3.39473,58.90962],[-3.40083,58.88179],[-3.36719,58.83975],[-3.27881,58.78193],[-3.22212,58.78096],[-3.16494,58.79419],[-3.15854,58.80122],[-3.21162,58.81357],[-3.22212,58.82588],[-3.22764,58.85718],[-3.27192,58.90527]],[[-4.31509,53.41724],[-4.46172,53.41929],[-4.56787,53.38647],[-4.55322,53.26045],[-4.47197,53.17637],[-4.41885,53.17803],[-4.37305,53.13418],[-4.27861,53.17241],[-4.20039,53.21807],[-4.08428,53.26431],[-4.04937,53.30576],[-4.15488,53.30283],[-4.19678,53.32144],[-4.31509,53.41724]],[[-2.53564,59.30415],[-2.60361,59.28931],[-2.66206,59.23018],[-2.54888,59.23135],[-2.42983,59.27104],[-2.40698,59.29756],[-2.53564,59.30415]],[[-3.03545,58.82266],[-2.97539,58.75693],[-2.93896,58.73862],[-2.92939,58.7416],[-2.91309,58.79961],[-2.89644,58.82759],[-2.94121,58.83569],[-3.03545,58.82266]],[[-2.81792,58.98188],[-2.88457,58.98452],[-2.99468,59.00557],[-3.0707,59.00498],[-3.05742,59.02964],[-3.02002,59.05767],[-3.01924,59.07603],[-3.05112,59.09902],[-3.15649,59.13633],[-3.24858,59.14395],[-3.31035,59.13081],[-3.34683,59.06499],[-3.35371,59.01875],[-3.34707,58.98672],[-3.33164,58.97124],[-3.30435,58.96743],[-3.24214,58.99971],[-3.23281,58.98965],[-3.23262,58.95552],[-3.22334,58.93877],[-3.20078,58.92529],[-3.1666,58.91909],[-2.99482,58.93936],[-2.86377,58.89053],[-2.82622,58.89326],[-2.79302,58.90693],[-2.76245,58.95581],[-2.81792,58.98188]],[[-6.66211,61.86177],[-6.79077,61.89536],[-6.8418,61.90371],[-6.88477,61.89912],[-6.86396,61.86226],[-6.83916,61.84077],[-6.76426,61.81533],[-6.67017,61.76865],[-6.64277,61.76831],[-6.62319,61.80596],[-6.62583,61.82671],[-6.66211,61.86177]],[[-6.70352,61.49595],[-6.74106,61.53638],[-6.74062,61.57051],[-6.77002,61.58437],[-6.88164,61.60278],[-6.90591,61.63081],[-6.93486,61.63433],[-6.92925,61.60293],[-6.88813,61.53477],[-6.77051,61.45225],[-6.70303,61.41768],[-6.67969,61.41431],[-6.69946,61.44463],[-6.70352,61.49595]],[[-7.3791,62.0748],[-7.25493,62.04614],[-7.17939,62.04004],[-7.1168,62.04683],[-7.06519,62.07324],[-7.09712,62.10054],[-7.18687,62.13931],[-7.2353,62.15122],[-7.33677,62.13867],[-7.42261,62.14028],[-7.3791,62.0748]],[[-7.01357,62.09399],[-6.80972,61.97744],[-6.7252,61.95146],[-6.7144,61.96416],[-6.72256,61.99038],[-6.80947,62.08042],[-6.8377,62.09541],[-6.84053,62.11929],[-6.82344,62.13911],[-6.7689,62.13149],[-6.69644,62.09434],[-6.65581,62.0936],[-6.63105,62.22788],[-6.80366,62.26597],[-6.95864,62.31626],[-7.17217,62.2856],[-7.01357,62.09399]],[[-2.96377,59.27437],[-2.86143,59.24683],[-2.85186,59.18247],[-2.81523,59.16191],[-2.72939,59.18677],[-2.71992,59.21948],[-2.73066,59.22676],[-2.81504,59.24082],[-2.86162,59.28833],[-2.97554,59.34712],[-3.04224,59.33384],[-3.05205,59.32388],[-3.01348,59.29146],[-2.96377,59.27437]],[[-6.45386,62.18652],[-6.40605,62.25864],[-6.47305,62.29189],[-6.55459,62.35566],[-6.55205,62.27813],[-6.55947,62.22451],[-6.54414,62.20562],[-6.52471,62.19785],[-6.45386,62.18652]],[[-6.85376,57.82651],[-6.79658,57.82754],[-6.6833,57.91104],[-6.57812,57.94136],[-6.4252,58.02129],[-6.40244,58.04136],[-6.40337,58.07588],[-6.43652,58.09189],[-6.55459,58.09287],[-6.41929,58.14097],[-6.37559,58.18457],[-6.32583,58.18887],[-6.19868,58.36328],[-6.19424,58.43511],[-6.21943,58.48872],[-6.23745,58.50283],[-6.29717,58.48662],[-6.54419,58.38315],[-6.74229,58.32163],[-6.77646,58.30151],[-6.78774,58.28389],[-6.72471,58.19756],[-6.72646,58.1894],[-6.8123,58.19609],[-6.88623,58.18257],[-6.94956,58.21768],[-7.01206,58.22871],[-7.02842,58.22231],[-7.04492,58.20156],[-7.08525,58.18218],[-7.09561,58.13828],[-7.08848,58.09536],[-7.0769,58.079],[-7.03823,58.07231],[-7.01689,58.05479],[-6.9853,58.05049],[-7.0519,58.01797],[-7.05708,58.00317],[-7.00254,57.9749],[-6.86416,57.93286],[-6.85684,57.92354],[-6.94414,57.89365],[-6.95596,57.86489],[-7.08345,57.81377],[-7.01318,57.76177],[-6.98311,57.75],[-6.95693,57.75005],[-6.91035,57.77339],[-6.85376,57.82651]],[[-6.43262,57.01792],[-6.3834,56.9709],[-6.34624,56.9543],[-6.30874,56.95181],[-6.27905,56.9647],[-6.26055,56.98525],[-6.26128,57.00952],[-6.27822,57.0314],[-6.32236,57.05054],[-6.43262,57.01792]],[[-6.3624,57.2375],[-6.32271,57.20249],[-6.26611,57.18433],[-6.16274,57.18213],[-6.03437,57.20122],[-6.01475,57.05195],[-5.9873,57.04443],[-5.94907,57.04517],[-5.91377,57.06265],[-5.79541,57.14653],[-5.69619,57.19844],[-5.66865,57.2269],[-5.67246,57.25269],[-5.70601,57.26895],[-5.88027,57.26323],[-6.06763,57.28354],[-6.09341,57.30171],[-6.13555,57.31426],[-6.14082,57.35366],[-6.16377,57.40884],[-6.14614,57.46079],[-6.14473,57.50498],[-6.16606,57.5853],[-6.24692,57.65122],[-6.30596,57.67197],[-6.35767,57.6668],[-6.37852,57.60332],[-6.6168,57.5627],[-6.61528,57.55273],[-6.5835,57.52065],[-6.58301,57.50713],[-6.60586,57.49067],[-6.64346,57.48262],[-6.7042,57.49575],[-6.75273,57.45894],[-6.76113,57.44238],[-6.74131,57.41245],[-6.67544,57.36289],[-6.44243,57.32749],[-6.3624,57.2375]],[[-7.20557,57.68296],[-7.27119,57.65747],[-7.32485,57.66313],[-7.39189,57.64521],[-7.44004,57.6564],[-7.47031,57.65254],[-7.49941,57.63633],[-7.51562,57.61587],[-7.51475,57.60195],[-7.32056,57.53374],[-7.18262,57.5333],[-7.09277,57.62666],[-7.20557,57.68296]],[[-7.29639,57.38369],[-7.41055,57.3811],[-7.40703,57.29849],[-7.42236,57.22935],[-7.41592,57.19214],[-7.38149,57.13066],[-7.34741,57.11514],[-7.29204,57.10977],[-7.24985,57.11533],[-7.24756,57.12637],[-7.26714,57.37178],[-7.29639,57.38369]],[[-10.13984,54.00527],[-10.18115,54.01699],[-10.26582,53.97773],[-10.0623,53.95977],[-10.02651,53.92031],[-9.95254,53.88462],[-9.94814,53.91338],[-9.95615,53.98735],[-9.99634,54.00337],[-10.13984,54.00527]],[[-7.52295,57.00679],[-7.54297,56.97236],[-7.5374,56.95972],[-7.50479,56.95166],[-7.41689,56.96543],[-7.39893,56.98335],[-7.40669,57.00029],[-7.45547,57.01895],[-7.52295,57.00679]],[[21.90781,60.39316],[21.95029,60.40171],[21.90684,60.43848],[21.82725,60.46992],[21.81934,60.45229],[21.846,60.41245],[21.80566,60.40122],[21.81865,60.38184],[21.92148,60.33228],[21.99424,60.33667],[21.97979,60.35522],[21.90781,60.39316]],[[19.55137,60.24385],[19.51904,60.18457],[19.53652,60.14497],[19.57988,60.13506],[19.5998,60.1627],[19.6292,60.17036],[19.66748,60.16475],[19.6623,60.18716],[19.62881,60.24609],[19.55137,60.24385]],[[20.07324,60.19346],[20.12549,60.20088],[20.15508,60.19229],[20.19473,60.19355],[20.25889,60.26128],[20.23955,60.28301],[20.18408,60.29375],[20.16787,60.3147],[20.0874,60.35342],[20.03389,60.35933],[20.02021,60.35088],[19.98955,60.35117],[19.94453,60.35752],[19.88828,60.40581],[19.82305,60.39019],[19.78779,60.35405],[19.8123,60.33159],[19.85469,60.31851],[19.87158,60.30161],[19.86719,60.26812],[19.84766,60.22056],[19.78525,60.21338],[19.779,60.28555],[19.73652,60.28237],[19.68691,60.26763],[19.67227,60.23301],[19.746,60.09897],[19.7998,60.08174],[20.03398,60.09355],[20.03232,60.15249],[20.04258,60.18066],[20.07324,60.19346]],[[21.36602,63.26177],[21.28711,63.22778],[21.22852,63.22266],[21.21777,63.24131],[21.22178,63.25913],[21.23633,63.27773],[21.08389,63.27754],[21.14932,63.19946],[21.25342,63.152],[21.30977,63.1627],[21.31846,63.17949],[21.36719,63.20723],[21.37764,63.19922],[21.41563,63.19736],[21.42197,63.2459],[21.36602,63.26177]],[[19.13486,57.98135],[19.03926,57.91104],[19.08652,57.86499],[19.13838,57.86025],[19.15635,57.92261],[19.33145,57.96289],[19.28115,57.97754],[19.13486,57.98135]],[[16.96094,57.2502],[16.90156,57.17461],[16.86465,57.09067],[16.72773,56.902],[16.63037,56.87686],[16.4123,56.56899],[16.39414,56.48364],[16.40127,56.31089],[16.43164,56.24375],[16.47715,56.24019],[16.52852,56.29053],[16.77803,56.80522],[16.83828,56.84053],[16.88369,56.98521],[17.05352,57.20801],[17.0582,57.22925],[17.05039,57.28047],[17.11768,57.31982],[17.08926,57.33228],[17.02539,57.34507],[16.996,57.31777],[16.96094,57.2502]],[[14.76533,55.29673],[14.71367,55.23804],[14.68418,55.10225],[14.88555,55.03296],[15.05078,55.00493],[15.0877,55.02188],[15.13711,55.08716],[15.13262,55.14453],[14.76533,55.29673]],[[13.60186,54.42515],[13.58047,54.46396],[13.60332,54.48818],[13.6707,54.53545],[13.65762,54.55957],[13.63604,54.577],[13.49121,54.61538],[13.4501,54.64961],[13.42275,54.69932],[13.33682,54.69712],[13.23994,54.63843],[13.23145,54.58276],[13.17666,54.54424],[13.18125,54.50898],[13.15635,54.39692],[13.16211,54.36455],[13.19004,54.32563],[13.36436,54.24585],[13.41455,54.24956],[13.48203,54.3374],[13.59492,54.33818],[13.70732,54.28115],[13.73418,54.31543],[13.70918,54.38271],[13.60186,54.42515]],[[12.31006,55.04092],[12.27402,55.06411],[12.25879,55.02109],[12.21992,54.9936],[12.16172,54.9748],[12.14365,54.95869],[12.11885,54.9144],[12.18447,54.89248],[12.35752,54.96182],[12.51104,54.95088],[12.54922,54.96577],[12.51328,54.99731],[12.46953,55.01748],[12.41719,55.0312],[12.31006,55.04092]],[[12.52031,55.6146],[12.55088,55.55625],[12.57158,55.554],[12.66572,55.59653],[12.64844,55.64678],[12.62002,55.67935],[12.59922,55.68022],[12.56992,55.6501],[12.52031,55.6146]],[[11.65811,54.83315],[11.53838,54.82959],[11.36143,54.89165],[11.2585,54.95181],[11.05859,54.94058],[11.0417,54.89336],[11.03555,54.7731],[11.45742,54.62886],[11.58594,54.66245],[11.68037,54.65371],[11.76592,54.67944],[11.75898,54.76768],[11.73955,54.80742],[11.65811,54.83315]],[[10.34697,54.90596],[10.26553,54.94883],[10.1999,54.96274],[10.21563,54.94097],[10.34053,54.85894],[10.41729,54.83716],[10.48438,54.84756],[10.50488,54.86055],[10.41367,54.89683],[10.34697,54.90596]],[[9.78125,55.06904],[9.77119,55.05991],[9.80625,54.90601],[9.90391,54.89663],[9.95713,54.87246],[10.06123,54.88638],[10.05771,54.90791],[9.99883,54.98647],[9.83037,55.05825],[9.78125,55.06904]],[[10.73828,54.96201],[10.69248,54.90327],[10.62168,54.85142],[10.62949,54.82607],[10.68975,54.74507],[10.73408,54.75073],[10.76523,54.79966],[10.9208,55.06211],[10.95107,55.1562],[10.925,55.15786],[10.85674,55.0522],[10.73828,54.96201]],[[10.52695,55.78379],[10.59033,55.76509],[10.60732,55.78306],[10.62734,55.83389],[10.66172,55.87759],[10.63633,55.91416],[10.54717,55.99194],[10.51611,55.95854],[10.54434,55.90659],[10.52031,55.84849],[10.52695,55.78379]],[[11.08496,54.5334],[11.04346,54.51548],[11.01172,54.46616],[11.0707,54.45601],[11.1293,54.41602],[11.28281,54.41797],[11.28027,54.43838],[11.23359,54.50127],[11.08496,54.5334]],[[10.93457,57.30859],[10.87383,57.26226],[11.01143,57.2291],[11.05215,57.25254],[11.07686,57.2769],[11.17451,57.3229],[11.08574,57.32993],[10.93457,57.30859]],[[8.45146,55.05537],[8.40518,55.05874],[8.2957,54.9083],[8.28467,54.76709],[8.30771,54.78696],[8.34736,54.84761],[8.60059,54.86538],[8.62959,54.89175],[8.37988,54.89985],[8.37119,54.92939],[8.39043,54.98628],[8.4041,55.01475],[8.45146,55.05537]],[[-1.38867,46.05039],[-1.38887,46.03296],[-1.3687,45.96768],[-1.28027,45.89712],[-1.21357,45.8166],[-1.17832,45.90405],[-1.28506,46.00269],[-1.38867,46.05039]],[[-1.31279,50.77349],[-1.38584,50.73354],[-1.51567,50.70332],[-1.56343,50.66611],[-1.51533,50.66978],[-1.3063,50.58853],[-1.25146,50.58882],[-1.19609,50.59922],[-1.17583,50.61523],[-1.14937,50.65571],[-1.06558,50.69023],[-1.14424,50.73472],[-1.31279,50.77349]],[[4.73984,53.09131],[4.70918,53.03604],[4.72676,53.01963],[4.78711,52.9998],[4.88613,53.0707],[4.88643,53.1833],[4.73984,53.09131]],[[10.35898,42.82231],[10.28574,42.82808],[10.24824,42.81577],[10.12754,42.8103],[10.10977,42.78506],[10.13125,42.74204],[10.20898,42.73691],[10.33564,42.76113],[10.41934,42.71318],[10.40996,42.771],[10.43223,42.79658],[10.42832,42.81919],[10.39512,42.85815],[10.35898,42.82231]],[[8.3668,39.11592],[8.35859,39.09878],[8.36094,39.03867],[8.42148,38.96865],[8.47891,39.06753],[8.44063,39.09062],[8.3668,39.11592]],[[8.34375,41.10161],[8.32021,41.12187],[8.26738,41.09912],[8.22402,41.0313],[8.20566,40.99746],[8.25273,40.99414],[8.28604,41.03984],[8.31895,41.06274],[8.34375,41.10161]],[[4.05918,40.0751],[3.85342,40.06304],[3.84541,40.03647],[3.84268,39.97637],[3.86719,39.95874],[3.96768,39.94585],[4.27529,39.83027],[4.29365,39.84185],[4.32207,39.89751],[4.31514,39.91724],[4.22578,40.03237],[4.05918,40.0751]],[[1.41719,38.73965],[1.40195,38.71143],[1.40576,38.671],[1.50498,38.671],[1.57119,38.65884],[1.59395,38.67207],[1.59268,38.70146],[1.49688,38.71191],[1.43633,38.76821],[1.41719,38.73965]],[[1.34863,39.08081],[1.30254,39.03115],[1.2998,38.98174],[1.25625,38.97339],[1.22334,38.90386],[1.25693,38.879],[1.40898,38.85728],[1.44521,38.9187],[1.49453,38.93252],[1.62363,39.03882],[1.61318,39.0874],[1.56445,39.12104],[1.34863,39.08081]],[[-25.5855,37.83403],[-25.64897,37.84092],[-25.78374,37.91113],[-25.8459,37.89404],[-25.84785,37.87241],[-25.83369,37.82607],[-25.73447,37.76289],[-25.43901,37.71533],[-25.25112,37.73501],[-25.19072,37.76436],[-25.18193,37.83789],[-25.2666,37.84863],[-25.5855,37.83403]],[[14.44834,35.95742],[14.35127,35.97842],[14.35234,35.87227],[14.43643,35.82168],[14.53271,35.82021],[14.56621,35.85273],[14.53701,35.88628],[14.44834,35.95742]],[[15.23105,44.0623],[15.06582,44.15767],[15.07461,44.13784],[15.12188,44.09331],[15.24668,44.02705],[15.23105,44.0623]],[[14.73916,45.06548],[14.70117,45.09004],[14.62998,45.17803],[14.57109,45.22476],[14.52461,45.14683],[14.43789,45.09863],[14.45039,45.0792],[14.51172,45.0354],[14.61299,45.02544],[14.62832,44.99395],[14.68701,44.95562],[14.81025,44.97705],[14.73916,45.06548]],[[14.85664,44.71484],[14.83145,44.75894],[14.76377,44.82139],[14.7542,44.84482],[14.69053,44.84814],[14.67246,44.82437],[14.66035,44.7998],[14.67822,44.76987],[14.7625,44.75464],[14.85664,44.71484]],[[14.91279,44.48584],[14.99609,44.43433],[15.03857,44.39302],[15.09795,44.35815],[15.1626,44.30918],[15.18848,44.33574],[15.21357,44.34756],[15.23994,44.3502],[15.11299,44.43574],[15.00645,44.53423],[14.89805,44.61084],[14.85537,44.61826],[14.80381,44.64868],[14.74189,44.69736],[14.76045,44.66475],[14.88467,44.54473],[14.91279,44.48584]],[[14.95254,44.11719],[14.86504,44.16797],[14.89131,44.12554],[15.13584,43.90728],[15.1498,43.91182],[15.20166,43.89775],[15.20303,43.90771],[15.18877,43.92236],[14.95254,44.11719]],[[15.37422,43.91479],[15.43721,43.89951],[15.37139,43.97383],[15.27002,44.01074],[15.30859,43.96079],[15.37422,43.91479]],[[14.46758,44.72534],[14.45254,44.86919],[14.46738,44.97021],[14.39375,45.03125],[14.36914,45.08096],[14.3582,45.16743],[14.33125,45.16499],[14.28584,45.14463],[14.34004,45.01997],[14.34219,44.97993],[14.30254,44.94043],[14.3124,44.90039],[14.38887,44.7583],[14.41953,44.67031],[14.48037,44.62124],[14.48809,44.66006],[14.48252,44.69336],[14.46758,44.72534]],[[17.38955,42.79863],[17.34414,42.79038],[17.74424,42.70034],[17.60781,42.76904],[17.43193,42.80039],[17.38955,42.79863]],[[20.78887,38.14209],[20.69521,38.24619],[20.62471,38.26787],[20.6123,38.38335],[20.56318,38.47495],[20.55029,38.45654],[20.54834,38.39453],[20.51963,38.33232],[20.48145,38.31821],[20.43506,38.3562],[20.40869,38.33677],[20.35225,38.22173],[20.35254,38.17988],[20.39102,38.18843],[20.45215,38.23418],[20.47334,38.2188],[20.49873,38.18437],[20.49551,38.16416],[20.52354,38.10664],[20.56895,38.09766],[20.60615,38.11973],[20.76133,38.07056],[20.78076,38.08882],[20.78887,38.14209]],[[20.83984,37.84072],[20.75869,37.85298],[20.6915,37.92954],[20.61953,37.85503],[20.63506,37.82314],[20.70381,37.74346],[20.81855,37.66475],[20.90908,37.73213],[20.99395,37.70801],[20.88848,37.80537],[20.83984,37.84072]],[[20.64785,38.60098],[20.68672,38.60869],[20.71484,38.63833],[20.71963,38.79917],[20.69414,38.84424],[20.63467,38.81758],[20.59248,38.76016],[20.55791,38.66187],[20.55469,38.58257],[20.58398,38.60171],[20.61436,38.60625],[20.64785,38.60098]],[[20.70127,38.45142],[20.6748,38.47632],[20.64971,38.48398],[20.62363,38.48032],[20.64639,38.41431],[20.70928,38.3186],[20.75869,38.32944],[20.73916,38.36577],[20.71162,38.39863],[20.70107,38.42593],[20.70127,38.45142]],[[19.95527,39.47041],[19.92734,39.50591],[19.90313,39.6],[19.9041,39.61948],[19.84668,39.66812],[19.86221,39.69263],[19.93682,39.74673],[19.92607,39.77373],[19.8917,39.79727],[19.83857,39.82012],[19.70732,39.7981],[19.64648,39.76709],[19.64893,39.72617],[19.80889,39.5853],[19.88398,39.46152],[19.975,39.41143],[20.09961,39.37661],[20.07793,39.43271],[20.02773,39.44209],[19.95527,39.47041]],[[23.51143,37.90117],[23.55098,37.92588],[23.53486,37.97021],[23.51553,37.98604],[23.48369,37.99111],[23.46221,37.98037],[23.43906,37.94067],[23.41934,37.93125],[23.43525,37.91147],[23.4668,37.90239],[23.51143,37.90117]],[[22.95049,36.38394],[22.93262,36.36875],[22.90566,36.32031],[22.91084,36.221],[22.93945,36.17622],[23.04219,36.14639],[23.05381,36.18979],[23.09707,36.24658],[22.99785,36.32812],[22.95049,36.38394]],[[3.94912,51.73945],[3.78906,51.74644],[3.69854,51.72969],[3.69902,51.70991],[3.73184,51.67822],[3.81904,51.69399],[3.95098,51.62705],[4.0751,51.64878],[4.06758,51.66748],[4.04678,51.68491],[3.94912,51.73945]],[[8.50996,54.7603],[8.46816,54.75742],[8.41768,54.73867],[8.40039,54.71411],[8.45381,54.69106],[8.54893,54.68818],[8.58789,54.7127],[8.57344,54.74873],[8.50996,54.7603]],[[6.75459,53.62549],[6.66855,53.60566],[6.64209,53.5792],[6.73477,53.58252],[6.80088,53.62549],[6.75459,53.62549]],[[22.30576,60.22856],[22.31289,60.26997],[22.41553,60.30337],[22.35498,60.35586],[22.30176,60.34756],[22.1751,60.37075],[22.12588,60.35586],[22.1082,60.31489],[22.07715,60.28633],[22.14053,60.26489],[22.18809,60.23677],[22.20938,60.19697],[22.2583,60.16562],[22.36055,60.16558],[22.34629,60.20283],[22.30576,60.22856]],[[21.21455,60.60386],[21.24434,60.52598],[21.3,60.47979],[21.36904,60.48823],[21.43691,60.48306],[21.45088,60.52959],[21.30127,60.59556],[21.26807,60.63828],[21.22471,60.62061],[21.21455,60.60386]],[[21.76426,60.19883],[21.70479,60.17231],[21.69502,60.11436],[21.73311,60.10615],[21.8332,60.14053],[21.86436,60.20181],[21.76426,60.19883]],[[20.56914,60.06963],[20.49014,60.0749],[20.42959,60.06172],[20.39795,60.04067],[20.41123,60.03013],[20.4875,60.03276],[20.52178,60.01167],[20.60342,60.01694],[20.61133,60.04067],[20.56914,60.06963]],[[21.63408,60.16899],[21.56797,60.17231],[21.50674,60.14834],[21.48604,60.12681],[21.54063,60.0979],[21.62832,60.10781],[21.64814,60.14087],[21.63408,60.16899]],[[24.78604,65.08643],[24.65117,65.07397],[24.57656,65.04287],[24.57861,64.97856],[24.69893,64.95781],[24.84824,64.99102],[24.8918,65.02627],[24.99756,65.03872],[24.97061,65.05532],[24.78604,65.08643]],[[29.83584,69.90557],[29.78594,69.82905],[29.74424,69.7916],[29.76621,69.76753],[29.95615,69.79678],[30.05518,69.83838],[29.99297,69.87324],[29.91396,69.90244],[29.83584,69.90557]],[[4.86162,61.19385],[4.82441,61.17822],[4.79902,61.08271],[4.87012,61.07192],[4.95869,61.08457],[4.97324,61.14824],[4.91543,61.19937],[4.86162,61.19385]],[[8.10273,63.3376],[8.14092,63.36641],[8.13613,63.43135],[8.07354,63.4708],[7.93838,63.4498],[7.804,63.41392],[7.81533,63.38506],[7.88828,63.35234],[8.00469,63.33691],[8.10273,63.3376]],[[8.4708,63.66714],[8.78652,63.70347],[8.81484,63.72598],[8.80918,63.77144],[8.76465,63.80464],[8.7334,63.80132],[8.70889,63.77432],[8.45127,63.73184],[8.28711,63.68716],[8.35615,63.66479],[8.4708,63.66714]],[[12.47607,65.9771],[12.43018,65.93994],[12.42949,65.89907],[12.50957,65.90195],[12.71865,65.96387],[12.77881,65.9917],[12.74707,66.01138],[12.64238,66.00854],[12.54883,66.0019],[12.47607,65.9771]],[[12.62266,66.12246],[12.6208,66.17793],[12.52744,66.21055],[12.46133,66.18501],[12.44639,66.15132],[12.41768,66.12266],[12.34277,66.08076],[12.32734,66.03662],[12.41992,66.04326],[12.57637,66.07192],[12.62266,66.12246]],[[19.86865,70.21226],[19.81836,70.20498],[19.76748,70.2167],[19.68379,70.27358],[19.59902,70.26616],[19.61348,70.21909],[19.71084,70.16533],[19.74668,70.1105],[19.78086,70.07744],[19.89727,70.06846],[20.00596,70.07622],[20.08848,70.10205],[20.08428,70.12856],[19.99414,70.14927],[19.91045,70.2019],[19.86865,70.21226]],[[22.60537,70.53315],[22.65605,70.55903],[22.8291,70.54155],[22.88477,70.55352],[22.92891,70.57354],[23.06816,70.59409],[23.30518,70.72168],[23.38711,70.75391],[23.4209,70.78442],[23.44053,70.81577],[23.39561,70.84258],[23.28018,70.81274],[23.20469,70.81548],[22.96357,70.71099],[22.85811,70.72842],[22.5707,70.69717],[22.421,70.70259],[22.35029,70.65767],[22.23262,70.66689],[22.17002,70.6563],[21.99453,70.65713],[22.05576,70.61333],[22.16875,70.56211],[22.35869,70.51479],[22.43223,70.50918],[22.55752,70.51587],[22.60537,70.53315]],[[20.81943,70.20547],[20.78604,70.21953],[20.65488,70.23086],[20.49277,70.20332],[20.41172,70.15488],[20.40508,70.11914],[20.46426,70.07656],[20.53467,70.08091],[20.59805,70.07144],[20.64258,70.05703],[20.72529,70.0665],[20.7792,70.08975],[20.81943,70.20547]],[[25.99971,70.9751],[26.13379,70.9958],[26.14688,71.0395],[26.07764,71.03315],[25.94502,71.10464],[25.85352,71.10386],[25.58633,71.14209],[25.42344,71.09741],[25.31523,71.05298],[25.31494,71.03413],[25.48203,71.01958],[25.58203,70.96079],[25.76016,70.95381],[25.79131,70.9625],[25.99971,70.9751]],[[23.54668,70.61709],[23.24805,70.50513],[23.1584,70.51606],[23.02246,70.48691],[22.94102,70.44458],[22.91777,70.41675],[22.91787,70.38467],[23.00596,70.35278],[23.09063,70.37764],[23.1084,70.35884],[23.10029,70.29609],[23.15918,70.28262],[23.2707,70.29648],[23.34512,70.31528],[23.33281,70.33496],[23.54775,70.40815],[23.64102,70.46396],[23.63398,70.50254],[23.61533,70.54932],[23.57891,70.59365],[23.54668,70.61709]],[[23.85205,70.71436],[23.83652,70.72939],[23.77842,70.74736],[23.68916,70.7228],[23.66328,70.67524],[23.67012,70.59707],[23.7166,70.56187],[23.82715,70.52749],[24.01758,70.56738],[24.07832,70.65059],[23.95645,70.69961],[23.85205,70.71436]],[[13.93232,68.24824],[13.87285,68.26533],[13.78408,68.27612],[13.6877,68.27339],[13.53799,68.24902],[13.42871,68.16323],[13.36797,68.16655],[13.3002,68.16045],[13.25596,68.12061],[13.19951,68.08726],[13.22939,67.99536],[13.35205,68.00967],[13.3915,68.02124],[13.40439,68.06069],[13.42422,68.08276],[13.49521,68.05166],[13.58398,68.09385],[13.65615,68.10479],[13.77842,68.10498],[13.82402,68.12109],[13.8877,68.16851],[14.0293,68.18755],[14.09678,68.2186],[14.11885,68.24683],[14.0877,68.25322],[13.93232,68.24824]],[[12.95771,68.01548],[12.87793,67.91777],[12.82402,67.82124],[12.97178,67.87412],[13.07461,67.93457],[13.09824,67.95645],[13.09775,68.00269],[13.12285,68.04941],[13.06807,68.07134],[12.95771,68.01548]],[[18.0041,69.50498],[17.92744,69.50664],[17.86279,69.54297],[17.78369,69.56304],[17.67734,69.55654],[17.62324,69.53906],[17.50303,69.59624],[17.48818,69.58687],[17.48311,69.56968],[17.45361,69.53018],[17.35557,69.52715],[17.25195,69.50381],[17.22988,69.47769],[17.37344,69.43887],[17.39453,69.4167],[17.36084,69.38149],[17.08301,69.39883],[17.00176,69.36191],[16.99688,69.33037],[16.97412,69.28472],[16.99756,69.19062],[16.97178,69.13789],[16.84258,69.11235],[16.81543,69.09512],[16.81045,69.0707],[16.96016,69.06938],[17.07705,69.04663],[17.08252,69.01367],[17.16094,69.02593],[17.32363,69.13003],[17.48789,69.19683],[17.56816,69.1604],[17.77354,69.17202],[17.95068,69.19814],[17.9207,69.27432],[17.94209,69.32871],[18.02109,69.34961],[18.07676,69.39575],[18.05225,69.45752],[18.0041,69.50498]],[[19.49951,70.0479],[19.4459,70.03774],[19.42227,70.01719],[19.34375,70.01196],[19.25508,70.06641],[19.24941,70.17856],[19.2127,70.24746],[19.13271,70.24414],[19.06006,70.1666],[19.05098,70.13467],[19.0749,70.08569],[19.05098,70.03784],[18.96865,70.04302],[18.8832,70.01055],[18.82383,69.96011],[18.68652,69.89092],[18.67402,69.86431],[18.69795,69.82485],[18.67402,69.78164],[18.62432,69.81304],[18.58398,69.80659],[18.5124,69.76865],[18.40625,69.78154],[18.34932,69.76787],[18.31504,69.71548],[18.26846,69.70181],[18.23203,69.67676],[18.22744,69.63574],[18.0835,69.62612],[18.06152,69.6021],[18.12988,69.55786],[18.27412,69.5355],[18.41025,69.55283],[18.78477,69.579],[18.80068,69.60537],[18.80693,69.63984],[18.90918,69.70669],[19.00781,69.75957],[19.13086,69.81045],[19.19707,69.7998],[19.33477,69.82026],[19.44238,69.9084],[19.59229,69.97017],[19.60781,70.01914],[19.49951,70.0479]],[[15.09531,68.44141],[14.58584,68.40034],[14.43779,68.34155],[14.25723,68.25693],[14.25752,68.19077],[14.34951,68.17827],[14.62891,68.19849],[14.92686,68.30659],[15.0377,68.28271],[15.09805,68.28921],[15.18789,68.3104],[15.27969,68.37383],[15.33701,68.37822],[15.34141,68.32529],[15.4375,68.31284],[15.68252,68.35601],[15.76367,68.40908],[15.8374,68.40903],[15.87275,68.39424],[15.9125,68.38926],[15.97529,68.40249],[16.04844,68.46367],[16.19395,68.53848],[16.33799,68.56787],[16.51924,68.63301],[16.54736,68.71655],[16.47969,68.80293],[16.4252,68.84155],[16.32891,68.87632],[16.27559,68.86831],[16.22754,68.85376],[16.15059,68.84238],[16.1208,68.79937],[16.12744,68.74644],[16.06895,68.71401],[16.05957,68.68052],[15.90859,68.65049],[15.77236,68.5542],[15.76035,68.56123],[15.79072,68.61704],[15.92793,68.7332],[15.92354,68.81919],[15.90586,68.9085],[15.83379,68.96074],[15.81172,69.02422],[15.99268,69.11265],[16.11484,69.21641],[16.12949,69.27393],[16.04805,69.30205],[15.96533,69.30205],[15.89268,69.27788],[15.74199,69.17051],[15.64951,69.13257],[15.48301,69.04346],[15.43848,68.97856],[15.44365,68.91919],[15.529,68.9124],[15.56426,68.87373],[15.48926,68.80532],[15.4126,68.61582],[15.09531,68.44141]],[[15.10186,69.00801],[15.03779,69.00054],[15.0375,68.89429],[14.87236,68.91387],[14.83799,68.88667],[14.84883,68.84756],[14.80186,68.79097],[14.72461,68.8001],[14.69043,68.8147],[14.55371,68.81885],[14.49668,68.77187],[14.37344,68.71143],[14.40469,68.66323],[14.5208,68.63306],[14.61211,68.63833],[14.74346,68.6772],[14.79326,68.66826],[14.804,68.63799],[14.89023,68.61099],[15.02705,68.60635],[15.22207,68.61631],[15.34844,68.67241],[15.39658,68.78359],[15.33721,68.84243],[15.20713,68.94312],[15.17559,68.98154],[15.12813,69.00396],[15.10186,69.00801]],[[11.13262,64.97617],[11.021,64.97871],[10.81348,64.92324],[10.73984,64.87031],[10.83252,64.84312],[11.0625,64.8604],[11.179,64.83804],[11.23145,64.86587],[11.24619,64.90791],[11.13262,64.97617]],[[4.95557,60.24331],[4.99697,60.19775],[5.08906,60.18877],[5.08584,60.30757],[5.0502,60.38896],[4.99063,60.45205],[4.95723,60.44727],[4.93008,60.41206],[4.95078,60.34116],[4.94355,60.27241],[4.95557,60.24331]],[[11.97236,65.70156],[11.87539,65.70591],[11.80039,65.68389],[11.76514,65.63096],[11.77832,65.60454],[11.90186,65.5957],[11.96797,65.62651],[12.00322,65.67944],[11.97236,65.70156]],[[-22.95817,72.0],[-22.95576,71.99941],[-22.86851,71.97065],[-22.56216,71.92827],[-22.49687,71.91382],[-22.37021,71.76982],[-22.2645,71.75381],[-21.95967,71.74468],[-22.01333,71.68882],[-22.31104,71.56455],[-22.46499,71.5249],[-22.50322,71.50044],[-22.48857,71.45669],[-22.47964,71.38345],[-22.41758,71.24868],[-22.34775,71.37349],[-22.29902,71.43232],[-22.23379,71.44995],[-22.16958,71.45254],[-21.96143,71.5082],[-21.75225,71.47832],[-21.69795,71.33745],[-21.67119,71.20596],[-21.68965,71.09238],[-21.6666,70.91587],[-21.67451,70.8563],[-21.62515,70.80464],[-21.57393,70.59048],[-21.52266,70.52622],[-21.62554,70.46855],[-21.94351,70.44346],[-22.06929,70.47187],[-22.38413,70.4624],[-22.38452,70.51313],[-22.39985,70.57129],[-22.40112,70.61191],[-22.42212,70.64868],[-22.43701,70.86001],[-22.52607,70.80781],[-22.53135,70.76499],[-22.55503,70.72144],[-22.60967,70.49331],[-22.69067,70.4373],[-22.94258,70.45078],[-23.19062,70.44248],[-23.32783,70.45098],[-23.7918,70.55518],[-23.97139,70.64946],[-24.13037,70.79106],[-24.22852,70.92339],[-24.26572,71.04634],[-24.377,71.14639],[-24.56221,71.22354],[-24.78101,71.28608],[-25.0334,71.33394],[-25.25498,71.3957],[-25.4458,71.47124],[-25.65586,71.53003],[-25.88516,71.57192],[-26.0,71.57827]],[[-26.0,71.49232],[-25.84272,71.48018],[-25.75781,71.43994],[-25.69941,71.36831],[-25.66758,71.26533],[-25.74224,71.18359],[-26.0,71.09753]],[[-26.0,70.27534],[-25.62485,70.34697],[-25.52988,70.35317],[-24.74883,70.29507],[-24.04102,70.1812],[-23.66733,70.13931],[-23.17324,70.1146],[-22.28447,70.12583],[-22.20659,70.10791],[-22.23545,70.06758],[-22.28706,70.0334],[-22.43511,69.98574],[-22.61494,69.95425],[-22.72622,69.94536],[-22.8209,69.92285],[-23.03364,69.90083],[-23.08823,69.88296],[-23.01455,69.80483],[-23.04956,69.79272],[-23.23696,69.79146],[-23.55254,69.74053],[-23.81162,69.74419],[-23.86572,69.73672],[-23.81655,69.71782],[-23.76426,69.68135],[-23.70898,69.62725],[-23.7394,69.58862],[-23.85557,69.56558],[-23.94365,69.55806],[-24.24751,69.59038],[-24.29668,69.58555],[-24.25229,69.56235],[-24.22705,69.52695],[-24.2209,69.4793],[-24.29556,69.43931],[-24.45107,69.40708],[-24.74058,69.31841],[-24.8666,69.29307],[-25.13252,69.27212],[-25.18857,69.26055],[-25.08047,69.19248],[-25.09243,69.16519],[-25.27222,69.0916],[-25.54404,69.0457],[-25.58115,69.02095],[-25.60635,68.95444],[-25.62612,68.92798],[-25.698,68.88989],[-25.95586,68.81729],[-26.0,68.80856]],[[25.40273,37.41914],[25.45742,37.44707],[25.46299,37.47109],[25.34814,37.50918],[25.3127,37.48931],[25.30713,37.41299],[25.40273,37.41914]],[[24.48379,37.21021],[24.44121,37.18687],[24.4248,37.13198],[24.48652,37.11006],[24.52354,37.1251],[24.53594,37.16768],[24.5291,37.19233],[24.48379,37.21021]],[[45.0,67.33072],[44.93945,67.35078],[44.90215,67.41313],[44.93945,67.47744],[45.0,67.50689]],[[45.0,68.57502],[44.17529,68.54175],[44.04805,68.54883],[43.47197,68.67983],[43.41328,68.68174],[43.3332,68.67339],[43.35801,68.63579],[43.404,68.60854],[44.16914,68.3271],[44.20469,68.25376],[44.22646,68.15444],[44.21387,68.1126],[44.23154,68.07124],[44.22539,67.99561],[44.03643,67.67065],[43.85635,67.43931],[43.7957,67.32959],[43.78242,67.25449],[43.85537,67.18862],[44.07441,67.16733],[44.2918,67.09966],[44.40391,67.0042],[44.4293,66.93774],[44.43711,66.79463],[44.48867,66.67178],[44.31641,66.48169],[44.2207,66.40708],[44.09717,66.23506],[44.14531,66.11274],[44.13242,66.06455],[44.10439,66.00859],[44.0167,66.04976],[43.94414,66.09868],[43.84375,66.14238],[43.73701,66.1584],[43.62393,66.14673],[43.54189,66.12339],[43.55039,66.17339],[43.65313,66.25098],[43.60332,66.29121],[43.55088,66.32129],[43.2332,66.41553],[43.00596,66.42095],[42.80654,66.41133],[42.60215,66.42251],[42.45078,66.48242],[42.31367,66.51475],[42.21055,66.51968],[42.08359,66.46592],[41.78086,66.25933],[41.47578,66.12344],[41.07607,66.02109],[40.77441,65.98789],[40.6916,65.96343],[40.51279,65.8438],[40.32783,65.75171],[39.8165,65.59795],[39.78115,65.53472],[39.74912,65.44795],[39.79805,65.34985],[39.89648,65.25479],[40.14268,65.06328],[40.28125,64.9981],[40.37539,64.89629],[40.44492,64.77871],[40.40781,64.75488],[40.20371,64.78403],[40.05781,64.77075],[39.84863,64.69053],[39.83301,64.6564],[39.75801,64.57705],[39.56738,64.57056],[39.05352,64.71392],[38.61309,64.78667],[38.54092,64.79126],[38.44199,64.82715],[38.41211,64.85708],[38.22822,64.85122],[38.11572,64.85459],[38.00938,64.87876],[37.52813,65.10825],[37.14082,65.19429],[37.0502,65.1959],[36.88281,65.17236],[36.78594,64.98716],[36.65293,64.93545],[36.53457,64.93862],[36.52822,64.84736],[36.57871,64.79097],[36.62422,64.75054],[36.76934,64.68525],[37.04043,64.48916],[37.18369,64.4085],[37.28955,64.37793],[37.42959,64.37358],[37.74063,64.39697],[37.84355,64.36631],[37.95371,64.32012],[37.97715,64.20703],[38.06221,64.09102],[38.0708,64.02583],[37.96797,63.94912],[37.63535,63.89341],[37.44219,63.81338],[37.37275,63.81675],[36.9752,63.90952],[36.71377,63.94507],[36.36494,64.00283],[36.30195,64.03437],[36.14648,64.18901],[35.80205,64.33535],[35.64707,64.37832],[35.43203,64.34678],[35.28408,64.36255],[35.03535,64.44023],[34.86953,64.56001],[34.8583,64.70669],[34.90547,64.73867],[34.95225,64.75596],[34.83262,64.8002],[34.82715,64.9127],[34.80352,64.98599],[34.67109,65.16812],[34.53594,65.27793],[34.40645,65.39575],[34.54414,65.45669],[34.61572,65.50991],[34.71553,65.66406],[34.73477,65.71631],[34.77695,65.76826],[34.79316,65.81636],[34.78633,65.86455],[34.6918,65.95186],[34.3998,66.12842],[34.1127,66.22524],[33.5667,66.321],[33.41582,66.31562],[33.36055,66.32954],[33.47695,66.34687],[33.59326,66.38457],[33.65596,66.44263],[33.51768,66.47139],[33.40527,66.48428],[33.21738,66.53164],[33.18291,66.57388],[33.22441,66.60386],[33.18057,66.67993],[32.92871,66.7041],[32.8624,66.72139],[32.85732,66.74692],[32.68643,66.82954],[32.46367,66.91631],[32.50098,67.00386],[32.34063,67.06787],[32.20156,67.11323],[31.98301,67.12983],[31.89531,67.16143],[32.3999,67.15269],[32.93047,67.08682],[32.88525,67.06113],[32.84756,67.02153],[33.00195,66.9083],[33.1502,66.84395],[33.48203,66.76455],[33.52295,66.76436],[33.59541,66.78462],[33.75957,66.75098],[33.89365,66.70674],[34.14609,66.70327],[34.45156,66.65122],[34.43086,66.62979],[34.39609,66.61318],[34.48262,66.55034],[34.61025,66.55962],[34.82461,66.61113],[35.36396,66.42866],[35.51348,66.3958],[36.37344,66.30229],[36.76992,66.29355],[36.98369,66.27256],[37.29482,66.22505],[37.62822,66.12959],[37.90068,66.09561],[38.39756,66.06445],[38.65391,66.06904],[39.28906,66.13203],[40.10332,66.29995],[40.52158,66.44663],[41.18896,66.82617],[41.27559,66.91431],[41.3543,67.12144],[41.35879,67.20967],[41.26172,67.21846],[41.13389,67.26694],[41.13389,67.38604],[41.06094,67.44419],[40.96641,67.71348],[40.76631,67.74302],[40.65654,67.77407],[40.52578,67.7897],[40.38066,67.83188],[40.20664,67.94189],[40.03574,68.01538],[39.89561,68.1145],[39.80928,68.15083],[39.74629,68.16221],[39.78975,68.11216],[39.82334,68.05859],[39.56895,68.07173],[38.83154,68.3249],[38.70557,68.34473],[38.65684,68.32188],[38.43018,68.35562],[38.35762,68.41514],[37.73057,68.69214],[36.61826,69.00347],[35.85791,69.19175],[35.28984,69.27544],[35.2332,69.26558],[35.17588,69.23081],[35.00957,69.22124],[34.86396,69.22808],[34.35273,69.30293],[34.22939,69.31313],[33.68438,69.31025],[33.62705,69.28916],[33.43564,69.13037],[33.3334,69.09819],[33.14121,69.0687],[33.19639,69.11685],[33.32773,69.15186],[33.41299,69.26743],[33.41797,69.31528],[33.46367,69.37817],[33.4543,69.42817],[33.38486,69.44429],[33.25586,69.42773],[32.97891,69.36733],[32.9416,69.38335],[33.021,69.44561],[32.9998,69.47012],[32.88379,69.46084],[32.63682,69.48945],[32.37773,69.4791],[32.33057,69.55425],[32.16133,69.59663],[32.0915,69.63257],[32.17676,69.67402],[32.7543,69.60571],[32.91504,69.60171],[32.99463,69.62617],[33.0126,69.67051],[33.00781,69.72212],[32.9417,69.75186],[32.56543,69.80649],[32.3916,69.8687],[31.98457,69.95366],[31.96934,69.91392],[32.03057,69.8353],[31.99795,69.80991],[31.87939,69.83198],[31.78857,69.81577],[31.66621,69.721],[31.54697,69.69692],[31.45273,69.6896],[31.04951,69.76924],[30.86973,69.78345],[30.71445,69.7957],[30.59453,69.78965],[30.48438,69.79487],[30.42832,69.72227],[30.39727,69.73281],[30.34883,69.83457],[30.2376,69.86221],[30.18008,69.84116],[30.15518,69.74595],[30.08828,69.71758],[29.99033,69.73667],[29.79209,69.72788],[29.69463,69.74458],[29.63594,69.78013],[29.621,69.81821],[29.62139,69.87407],[29.64688,69.9437],[29.60137,69.97676],[28.8043,70.09253],[28.78115,70.14541],[29.92588,70.09648],[30.26299,70.12471],[30.46895,70.19785],[30.94414,70.27441],[30.96064,70.34385],[30.92637,70.40112],[30.5959,70.52368],[30.42207,70.54717],[30.21318,70.54331],[30.20303,70.5623],[30.2377,70.62217],[30.06514,70.70298],[29.95938,70.69438],[29.79648,70.64253],[29.7375,70.64683],[29.72197,70.66855],[29.63906,70.70503],[29.39766,70.73413],[29.32109,70.76147],[29.21855,70.82993],[29.10234,70.86074],[28.83154,70.86396],[28.7498,70.8415],[28.60938,70.75967],[28.48477,70.6188],[28.4373,70.50137],[28.30986,70.44307],[28.28008,70.40342],[28.19297,70.24858],[28.16602,70.28765],[28.16602,70.3604],[28.19102,70.44019],[28.20273,70.5769],[28.27178,70.66797],[28.21563,70.70435],[27.99883,70.66426],[27.89805,70.67793],[27.95098,70.71758],[28.27188,70.79795],[28.32686,70.8252],[28.38271,70.86943],[28.39229,70.97529],[28.1417,71.04302],[27.81504,71.05938],[27.7335,71.08086],[27.59707,71.09131],[27.33164,70.99673],[27.23525,70.94722],[27.26904,70.91001],[27.55566,70.82739],[27.54648,70.804],[27.30938,70.80356],[27.18369,70.74404],[27.14727,70.6812],[27.07129,70.60845],[26.98936,70.51138],[26.66611,70.42168],[26.58506,70.41001],[26.58398,70.45381],[26.60117,70.50347],[26.62813,70.55088],[26.64463,70.63623],[26.5582,70.66914],[26.67549,70.74097],[26.73398,70.85356],[26.66133,70.93975],[26.50693,70.91279],[26.23086,70.78262],[25.98809,70.62539],[25.47051,70.34058],[25.41885,70.2355],[25.21182,70.13647],[25.04385,70.10903],[24.98271,70.14399],[24.99424,70.21821],[25.14639,70.32402],[25.20928,70.4894],[25.27354,70.55239],[25.46826,70.67197],[25.66563,70.77715],[25.78145,70.8168],[25.76816,70.85317],[25.71191,70.86973],[25.64971,70.87334],[25.56982,70.90068],[25.43594,70.91187],[25.37559,70.89194],[25.32539,70.84941],[25.26465,70.84351],[25.17119,70.87202],[25.04219,70.92861],[24.83164,70.97803],[24.76475,71.00845],[24.65801,71.00103],[24.4418,70.89155],[24.26348,70.82632],[24.26816,70.77271],[24.40352,70.74531],[24.42002,70.702],[24.35557,70.69458],[24.28555,70.6624],[24.03848,70.48535],[23.89717,70.47876],[23.66123,70.39976],[23.37939,70.24746],[23.3291,70.20723],[23.28604,70.10483],[23.31025,70.06357],[23.4002,70.01978],[23.35391,69.9834],[23.25791,69.99331],[23.17695,70.02905],[23.04648,70.10186],[22.98281,70.23677],[22.94121,70.30498],[22.85166,70.34048],[22.68457,70.37476],[22.42119,70.3376],[22.38477,70.27773],[22.32197,70.2645],[22.21943,70.30918],[22.05439,70.27598],[21.99551,70.29336],[21.78027,70.22988],[21.53877,70.25767],[21.35576,70.2334],[21.34629,70.20825],[21.40039,70.17446],[21.60781,70.09819],[21.80273,70.06606],[21.89258,70.00425],[21.97471,69.83457],[21.93174,69.8147],[21.77959,69.88745],[21.59023,69.93804],[21.43291,70.01318],[21.25371,70.00322],[21.16309,69.8895],[21.03213,69.88745],[20.97109,69.91602],[20.84033,69.90732],[20.62207,69.91392],[20.546,69.85107],[20.53271,69.69233],[20.5625,69.63281],[20.66152,69.58472],[20.74258,69.53452],[20.73945,69.52051],[20.48672,69.54209],[20.19766,69.37095],[20.10723,69.34121],[20.05449,69.33267],[20.04375,69.35566],[20.27715,69.53584],[20.33818,69.61665],[20.33271,69.67695],[20.38721,69.86763],[20.35518,69.92192],[20.32422,69.94531],[20.22305,69.9272],[20.14639,69.89673],[20.06895,69.88345],[19.96055,69.82461],[19.86465,69.72212],[19.73682,69.50381],[19.6415,69.42402],[19.63975,69.50381],[19.696,69.61294],[19.72246,69.78164],[19.68701,69.80474],[19.19727,69.74785],[19.03838,69.6604],[19.01133,69.62373],[19.00684,69.5877],[18.99111,69.56113],[18.88281,69.52334],[18.7666,69.51704],[18.67402,69.52036],[18.61445,69.49058],[18.62441,69.43438],[18.75,69.37842],[18.91592,69.3356],[18.85898,69.31445],[18.64551,69.32188],[18.48262,69.36484],[18.37871,69.43984],[18.29316,69.4751],[18.25977,69.47061],[18.1875,69.43311],[18.07871,69.32524],[18.07539,69.23262],[18.11748,69.1812],[18.10146,69.1563],[17.70459,69.10005],[17.54629,69.00112],[17.49004,68.87876],[17.39082,68.79937],[17.13115,68.69346],[16.88467,68.6854],[16.65186,68.62578],[16.57988,68.59268],[16.51436,68.53257],[16.52529,68.49067],[16.58486,68.46646],[17.20234,68.45928],[17.42617,68.48193],[17.48018,68.47432],[17.50234,68.46108],[17.57119,68.44746],[17.55283,68.42627],[17.47852,68.42632],[17.33613,68.41035],[17.09404,68.36841],[16.95137,68.35469],[16.86494,68.35527],[16.61885,68.4063],[16.38789,68.38955],[16.20381,68.31675],[16.1748,68.28125],[16.25977,68.14453],[16.31924,68.10176],[16.39199,68.0916],[16.37217,68.06182],[16.30869,68.03564],[16.25859,68.00122],[16.3123,67.88145],[16.26074,67.88657],[16.1208,68.02734],[16.06455,68.1999],[16.03809,68.21816],[16.00791,68.22871],[15.85127,68.18218],[15.65664,68.16436],[15.48682,68.10283],[15.31602,68.06875],[15.29287,68.03647],[15.35693,68.00361],[15.60576,67.98789],[15.62139,67.94829],[15.50664,67.92622],[15.40088,67.91963],[15.27441,67.96094],[15.13428,67.97271],[15.04844,67.95576],[14.79893,67.80933],[14.82109,67.74985],[14.78135,67.6749],[14.85469,67.66333],[15.04082,67.68257],[15.30391,67.76528],[15.3458,67.73442],[15.28408,67.70796],[15.21865,67.65537],[15.24873,67.60215],[15.354,67.54395],[15.4873,67.51479],[15.66133,67.54282],[15.6915,67.52139],[15.57568,67.44385],[15.59443,67.34854],[15.55293,67.35176],[15.46533,67.45093],[15.40938,67.47417],[15.28916,67.48315],[15.12051,67.55503],[14.96191,67.57427],[14.75498,67.49902],[14.57852,67.38604],[14.53662,67.33975],[14.44834,67.29785],[14.4417,67.27139],[14.4793,67.25596],[14.58154,67.26743],[14.82441,67.26831],[15.3001,67.25693],[15.43477,67.24668],[15.41572,67.20244],[14.77559,67.19448],[14.60068,67.17388],[14.47266,67.14268],[14.34033,67.15894],[14.20557,67.11123],[14.10879,67.11924],[14.02236,67.0731],[13.88018,66.96489],[13.8084,66.96079],[13.72666,66.93804],[13.65156,66.90708],[13.7041,66.85166],[13.91699,66.81938],[13.95947,66.79434],[13.78799,66.78247],[13.62109,66.79482],[13.52021,66.74165],[13.45039,66.71553],[13.31182,66.70186],[13.21143,66.64082],[13.1916,66.53716],[13.10469,66.5394],[13.06816,66.43081],[13.11885,66.23066],[13.35205,66.23672],[13.41641,66.25259],[13.49893,66.2519],[13.68135,66.27358],[13.97314,66.31973],[14.03418,66.29756],[13.91582,66.24736],[13.75967,66.22104],[13.67441,66.17998],[13.38711,66.18276],[12.78379,66.10044],[12.79492,66.06909],[12.97607,66.01919],[13.03311,65.95625],[12.98301,65.9416],[12.8168,65.95288],[12.68887,65.9022],[12.62773,65.80615],[12.34482,65.63018],[12.27285,65.56816],[12.20625,65.48623],[12.12217,65.36235],[12.13389,65.27915],[12.19961,65.24546],[12.26338,65.2561],[12.33398,65.24072],[12.36387,65.19331],[12.41758,65.18408],[12.51172,65.19531],[12.71533,65.26636],[12.81982,65.31748],[12.91553,65.33926],[12.73838,65.2144],[12.5084,65.09941],[12.30654,65.08599],[12.22656,65.14536],[12.15967,65.17896],[11.48936,64.97583],[11.3499,64.90591],[11.30352,64.82939],[11.29678,64.75479],[11.39248,64.773],[11.56172,64.81826],[11.63291,64.81392],[11.52383,64.74438],[11.33135,64.68594],[11.22539,64.67949],[11.09043,64.61455],[10.93232,64.57773],[10.83398,64.49448],[10.56563,64.41831],[10.23623,64.17964],[10.00996,64.08315],[9.93945,63.98174],[9.86445,63.91782],[9.70801,63.86489],[9.61475,63.79482],[9.56729,63.70615],[9.59463,63.67896],[9.65723,63.69731],[9.76748,63.69951],[9.83232,63.6165],[9.89277,63.57622],[9.92402,63.52178],[10.05508,63.5127],[10.33916,63.57104],[10.93486,63.77021],[11.04727,63.84521],[10.9667,63.90156],[10.91426,63.92109],[11.0752,63.98813],[11.21357,64.03052],[11.30664,64.04888],[11.4292,64.02451],[11.45762,64.00298],[11.29463,63.94819],[11.17559,63.89888],[11.21387,63.87812],[11.30762,63.87573],[11.34795,63.8377],[11.3707,63.80483],[11.22578,63.76382],[11.11787,63.71919],[10.95254,63.69819],[10.7792,63.65117],[10.72529,63.625],[10.67363,63.55801],[10.70674,63.53633],[10.76016,63.46128],[10.70449,63.46357],[10.59092,63.44722],[10.34004,63.46934],[10.18857,63.45479],[10.08057,63.43271],[10.021,63.39082],[9.9792,63.39526],[9.93604,63.47886],[9.8915,63.49204],[9.83223,63.52417],[9.69688,63.62456],[9.60225,63.60957],[9.5207,63.58569],[9.32363,63.57036],[9.15605,63.45933],[9.08418,63.46343],[9.07588,63.50039],[9.15811,63.56626],[9.13584,63.59365],[8.84238,63.6459],[8.67363,63.62261],[8.57617,63.60117],[8.39814,63.53511],[8.36074,63.49888],[8.38652,63.44526],[8.48018,63.42417],[8.59375,63.42612],[8.64102,63.39209],[8.63555,63.34233],[8.58018,63.31338],[8.27148,63.28657],[8.18447,63.23652],[8.15801,63.16152],[8.23516,63.08218],[8.33857,63.04219],[8.60918,62.88057],[8.62314,62.84624],[8.31055,62.96553],[8.21113,62.99551],[8.10059,63.09097],[7.86035,63.11279],[7.73604,63.10386],[7.6543,63.10918],[7.57188,63.09951],[7.38906,63.02329],[7.0085,62.95767],[6.94043,62.93047],[6.92822,62.90273],[6.78154,62.78965],[6.73496,62.7207],[6.77998,62.70073],[7.0249,62.72881],[7.11084,62.752],[7.24209,62.75234],[7.4084,62.71177],[8.04551,62.77124],[8.09551,62.73184],[7.80469,62.721],[7.53838,62.67207],[7.51816,62.64551],[7.52744,62.6103],[7.69072,62.5856],[7.65313,62.56401],[7.57012,62.54819],[7.4918,62.54282],[7.28379,62.60229],[6.96113,62.62676],[6.74463,62.63789],[6.61836,62.62129],[6.43945,62.60967],[6.35293,62.61113],[6.27285,62.58384],[6.2375,62.51992],[6.16475,62.48242],[6.11846,62.44717],[6.13613,62.40747],[6.26172,62.41631],[6.45713,62.4481],[6.69238,62.46807],[6.62002,62.42329],[6.58008,62.40728],[6.20898,62.35278],[6.0835,62.34961],[6.02559,62.37568],[5.97979,62.40713],[5.9083,62.41602],[5.79629,62.38467],[5.71816,62.37891],[5.5333,62.31089],[5.48428,62.23911],[5.42236,62.20737],[5.35771,62.15171],[5.29385,62.15391],[5.24092,62.18867],[5.14316,62.15991],[5.09648,62.02666],[5.15957,61.95698],[5.26689,61.9356],[5.47305,61.94561],[5.66445,61.9229],[6.13115,61.85244],[6.3959,61.85098],[6.68232,61.88701],[6.73076,61.86978],[6.4667,61.80742],[6.01582,61.7875],[5.79326,61.8271],[5.46533,61.89692],[5.11699,61.8854],[4.98506,61.90044],[4.93008,61.87832],[4.91035,61.80957],[4.92783,61.71069],[4.99668,61.64521],[5.09941,61.62017],[5.16758,61.54336],[5.26758,61.50503],[5.33867,61.4855],[5.2583,61.45547],[5.17246,61.45713],[5.00273,61.43359],[4.98994,61.37769],[5.02168,61.25059],[5.10674,61.18755],[5.32461,61.10825],[5.45127,61.10234],[5.64678,61.14761],[6.08252,61.16729],[6.3835,61.13389],[6.49258,61.15459],[6.54307,61.24453],[6.5999,61.28965],[6.62588,61.2793],[6.61025,61.2291],[6.65703,61.20659],[6.79434,61.19038],[6.94258,61.16055],[7.17354,61.16597],[7.27598,61.18096],[7.29805,61.21362],[7.27627,61.28394],[7.33115,61.37202],[7.44258,61.43462],[7.45254,61.41924],[7.34658,61.30059],[7.40391,61.22217],[7.60449,61.21055],[7.54502,61.17715],[7.04014,61.09116],[7.04668,61.01528],[7.07793,60.96631],[7.03867,60.95293],[6.98057,60.99414],[6.97207,61.05596],[6.90342,61.10215],[6.77783,61.14243],[6.60986,61.13701],[6.41797,61.08428],[6.29258,61.08096],[5.98398,61.11733],[5.50527,61.0561],[5.28818,61.04717],[5.19248,61.05371],[5.09541,61.07134],[5.00859,61.03818],[5.02461,60.93613],[5.01074,60.85854],[5.04912,60.70752],[5.11582,60.63599],[5.24404,60.56958],[5.44736,60.61733],[5.58936,60.69429],[5.64834,60.68799],[5.54648,60.62456],[5.16816,60.48481],[5.13711,60.44561],[5.18359,60.3084],[5.28584,60.20571],[5.41738,60.1541],[5.57383,60.1585],[5.65762,60.1541],[5.68857,60.12319],[5.49453,60.07031],[5.37646,60.06724],[5.26543,60.08647],[5.20566,60.08794],[5.17441,60.0457],[5.21953,59.97876],[5.18711,59.90708],[5.11924,59.83369],[5.10488,59.73169],[5.11074,59.66782],[5.1458,59.63882],[5.18604,59.64229],[5.23447,59.6918],[5.26387,59.70977],[5.35342,59.76011],[5.49453,59.82559],[5.55703,59.90776],[5.69883,60.01001],[5.80088,60.02622],[5.87656,60.07002],[5.90439,60.15063],[5.96738,60.20557],[6.10176,60.29014],[6.15332,60.34624],[6.34697,60.41909],[6.80635,60.50078],[6.9957,60.51196],[6.94971,60.47822],[6.78711,60.4541],[6.71992,60.41816],[6.66094,60.36724],[6.52686,60.15293],[6.52637,60.21362],[6.57363,60.3606],[6.51807,60.40757],[6.34873,60.35298],[6.14053,60.2335],[6.10518,60.16514],[6.11182,60.13208],[6.06992,60.0835],[5.99648,60.03149],[5.78359,59.91279],[5.73047,59.86309],[5.76348,59.80791],[5.83398,59.79468],[5.9667,59.81318],[6.05928,59.81558],[6.21191,59.83179],[6.2166,59.81836],[5.99102,59.74468],[5.86729,59.73398],[5.77217,59.66094],[5.57949,59.68662],[5.52969,59.71309],[5.47246,59.71309],[5.40352,59.65576],[5.30488,59.64258],[5.24219,59.56431],[5.18506,59.45366],[5.13164,59.22646],[5.17324,59.16255],[5.3623,59.16636],[5.46758,59.20381],[5.56406,59.29121],[5.65732,59.31025],[5.71797,59.32983],[5.84521,59.35347],[6.01738,59.41445],[6.15859,59.48965],[6.27852,59.53452],[6.40391,59.56099],[6.41533,59.54712],[6.30566,59.50557],[6.19893,59.43809],[6.05068,59.36816],[5.95186,59.29907],[5.9373,59.23398],[5.96855,59.18613],[5.94873,59.13545],[5.88916,59.09795],[5.88916,59.0605],[6.01699,58.9877],[6.09941,58.95195],[6.32109,59.01646],[6.36328,59.00093],[6.21416,58.94468],[6.1373,58.87466],[6.09902,58.87026],[5.8543,58.95947],[5.61221,59.01289],[5.55557,58.9752],[5.52246,58.82266],[5.51729,58.72651],[5.58594,58.62041],[5.70684,58.52363],[5.97656,58.43232],[6.05469,58.37515],[6.38906,58.26797],[6.4915,58.25942],[6.61758,58.26641],[6.65986,58.26274],[6.67676,58.23379],[6.69248,58.22402],[6.60576,58.17637],[6.55508,58.12344],[6.59053,58.09731],[6.73145,58.06831],[6.7668,58.08154],[6.77109,58.13223],[6.80283,58.15454],[6.87705,58.15073],[6.9123,58.14287],[6.89531,58.12075],[6.89023,58.10229],[6.90342,58.07051],[7.00488,58.02422],[7.19414,58.04766],[7.46592,58.02095],[7.87559,58.07998],[8.0374,58.14727],[8.16611,58.14531],[8.31221,58.22446],[8.52139,58.30059],[8.92842,58.56997],[9.17813,58.675],[9.19375,58.71187],[9.23867,58.73901],[9.32295,58.74756],[9.3958,58.80566],[9.30996,58.85684],[9.55107,58.93301],[9.61846,58.94604],[9.65693,58.97119],[9.69609,59.00972],[9.62715,59.06792],[9.55723,59.1127],[9.63516,59.11777],[9.8002,59.02705],[9.84258,58.9585],[9.95957,58.96821],[10.08311,59.02881],[10.17939,59.00928],[10.20518,59.03867],[10.24316,59.06206],[10.43135,59.27964],[10.45459,59.37749],[10.44639,59.4436],[10.40713,59.45566],[10.39814,59.51934],[10.49375,59.5415],[10.56953,59.58711],[10.53389,59.6958],[10.59531,59.76455],[10.60449,59.68003],[10.63438,59.60249],[10.63105,59.42817],[10.64492,59.38921],[10.74258,59.296],[10.83447,59.18394],[10.94502,59.17085],[10.99893,59.16445],[11.09082,59.1418],[11.13213,59.14321],[11.36592,59.10454],[11.38643,59.06572],[11.38828,59.03652],[11.29531,59.08687],[11.1958,59.07827],[11.16689,59.04556],[11.14717,58.98862],[11.16914,58.92271],[11.20791,58.86641],[11.22383,58.67993],[11.27158,58.47563],[11.25205,58.42407],[11.24824,58.36914],[11.32998,58.38032],[11.43154,58.33999],[11.44932,58.11836],[11.54902,58.00122],[11.70322,57.97319],[11.7291,57.76445],[11.73496,57.71768],[11.87871,57.67944],[11.88506,57.6127],[11.91699,57.52192],[11.96152,57.42607],[12.05322,57.44697],[12.15186,57.22695],[12.42148,56.9064],[12.57266,56.82329],[12.71758,56.66284],[12.79316,56.64917],[12.88369,56.61772],[12.91953,56.51558],[12.85742,56.45239],[12.77314,56.45576],[12.65645,56.44058],[12.69111,56.38442],[12.74219,56.34687],[12.80166,56.26392],[12.75283,56.24214],[12.70635,56.23501],[12.50703,56.29297],[12.47119,56.29053],[12.521,56.24556],[12.59258,56.1376],[12.83457,55.88184],[12.94199,55.80605],[12.97393,55.74814],[12.97803,55.6938],[12.96338,55.6126],[12.93877,55.5332],[12.94063,55.48159],[12.88584,55.41138],[13.32139,55.34639],[13.80635,55.42856],[14.07998,55.39219],[14.17373,55.39663],[14.3417,55.52773],[14.27646,55.63638],[14.20293,55.72915],[14.21504,55.83262],[14.26191,55.88755],[14.40195,55.97676],[14.47324,56.01436],[14.55859,56.04863],[14.65557,56.01992],[14.75479,56.03315],[14.71396,56.13413],[14.78203,56.16191],[15.05117,56.17222],[15.32656,56.15083],[15.50967,56.18301],[15.62656,56.1856],[15.72227,56.16421],[15.82666,56.12495],[15.92031,56.16738],[15.99668,56.22261],[16.15068,56.50083],[16.2165,56.58999],[16.34873,56.70928],[16.40781,56.80869],[16.45752,56.92681],[16.52793,57.06816],[16.50732,57.1417],[16.47949,57.1877],[16.47598,57.26514],[16.63086,57.43018],[16.65225,57.50068],[16.6042,57.56831],[16.58379,57.64175],[16.58623,57.76094],[16.55537,57.81226],[16.59697,57.91289],[16.69492,57.91753],[16.7001,58.16079],[16.76992,58.21426],[16.7166,58.30288],[16.65195,58.43433],[16.82432,58.45962],[16.92383,58.49258],[16.78848,58.58525],[16.68301,58.59966],[16.47803,58.61289],[16.39082,58.60186],[16.31807,58.62832],[16.21426,58.63667],[16.31582,58.66362],[16.63936,58.65117],[16.97813,58.65415],[17.10283,58.71084],[17.34766,58.78052],[17.45674,58.8584],[17.66963,58.91621],[17.76543,58.96504],[17.829,58.95459],[17.97461,59.00264],[18.09814,59.0623],[18.28535,59.10938],[18.32197,59.13223],[18.37305,59.17974],[18.41426,59.29033],[18.49863,59.29194],[18.61758,59.32705],[18.56025,59.39448],[18.50889,59.40796],[18.45918,59.39673],[18.3958,59.3686],[18.33604,59.37534],[18.27051,59.36714],[18.21055,59.33145],[18.13262,59.31621],[17.97979,59.32905],[17.96426,59.35938],[18.16357,59.43037],[18.21689,59.42051],[18.27646,59.43765],[18.33809,59.47686],[18.40244,59.49038],[18.57812,59.56577],[18.63994,59.60093],[18.71875,59.65737],[18.89561,59.73296],[18.97051,59.75723],[18.99043,59.82778],[18.9332,59.94229],[18.88428,59.98018],[18.85273,60.02588],[18.78701,60.07949],[18.60117,60.11924],[18.53545,60.15288],[18.55752,60.25356],[18.4,60.33711],[18.25049,60.36152],[18.1625,60.40791],[18.01133,60.51143],[17.95576,60.58979],[17.87158,60.58008],[17.74219,60.53931],[17.66113,60.53516],[17.63076,60.58525],[17.59307,60.62769],[17.55547,60.64272],[17.45703,60.6418],[17.35986,60.64082],[17.25098,60.70078],[17.26123,60.76318],[17.27891,60.81216],[17.20293,60.95186],[17.21289,60.98584],[17.18574,61.14653],[17.17979,61.24927],[17.16387,61.27827],[17.19961,61.31196],[17.17793,61.35762],[17.13799,61.38169],[17.16426,61.4583],[17.14658,61.50464],[17.13076,61.57573],[17.21563,61.65635],[17.19639,61.72456],[17.33457,61.6917],[17.46543,61.68447],[17.41729,61.74067],[17.39824,61.78208],[17.37451,61.86631],[17.41201,61.96611],[17.44658,62.02266],[17.51016,62.16631],[17.56289,62.2123],[17.63369,62.23301],[17.53525,62.26367],[17.429,62.33472],[17.37334,62.42651],[17.37842,62.46279],[17.41025,62.5084],[17.50898,62.48252],[17.57061,62.45103],[17.64639,62.45088],[17.71777,62.50088],[17.83447,62.50273],[17.94707,62.57847],[18.0373,62.60054],[18.00654,62.62627],[17.93047,62.64062],[17.90303,62.65947],[17.94072,62.67988],[17.97441,62.72104],[17.93291,62.78613],[17.89561,62.83052],[17.87959,62.87319],[17.90664,62.88677],[17.95107,62.83389],[18.09355,62.83604],[18.07793,62.81196],[18.07441,62.79067],[18.17002,62.78936],[18.21494,62.81221],[18.24805,62.84907],[18.46309,62.89585],[18.48262,62.92832],[18.48691,62.95859],[18.50205,62.98887],[18.31289,62.99639],[18.34424,63.03213],[18.40771,63.0375],[18.53066,63.06353],[18.57764,63.12642],[18.60645,63.17827],[18.66719,63.17656],[18.75957,63.19824],[18.81943,63.19727],[18.85898,63.20659],[18.8502,63.22412],[18.79229,63.23813],[18.8167,63.25747],[19.03438,63.23774],[19.23633,63.34736],[19.28809,63.42876],[19.3543,63.47749],[19.49463,63.42437],[19.49092,63.46021],[19.50234,63.50903],[19.59004,63.48726],[19.65576,63.45801],[19.72207,63.46333],[19.78164,63.53818],[19.91367,63.61055],[20.20469,63.66245],[20.37139,63.7229],[20.45371,63.77373],[20.67764,63.82627],[20.7627,63.86782],[21.01846,64.17798],[21.25576,64.29917],[21.46504,64.37959],[21.49434,64.41611],[21.51963,64.46309],[21.39385,64.54434],[21.33154,64.62935],[21.2793,64.72471],[21.20498,64.77432],[21.13818,64.80869],[21.1959,64.8769],[21.29375,64.94126],[21.4249,65.0127],[21.57393,65.12578],[21.58066,65.16079],[21.546,65.20698],[21.50635,65.24536],[21.43779,65.28296],[21.41035,65.31743],[21.44688,65.32085],[21.56689,65.25454],[21.60918,65.26138],[21.6127,65.29912],[21.596,65.31655],[21.54521,65.33115],[21.52344,65.35859],[21.53262,65.38657],[21.56553,65.40811],[21.68066,65.40337],[21.87959,65.42402],[21.91348,65.43711],[21.95,65.47036],[21.90313,65.50835],[21.92012,65.53237],[22.08672,65.53022],[22.14756,65.55288],[22.13281,65.57012],[22.09629,65.58379],[22.08623,65.61094],[22.254,65.59756],[22.2666,65.62153],[22.275,65.725],[22.2876,65.75063],[22.33594,65.79116],[22.36631,65.84268],[22.40098,65.86211],[22.46514,65.85264],[22.53857,65.79434],[22.62031,65.80654],[22.74658,65.87095],[22.91934,65.78647],[23.10234,65.73535],[23.15459,65.7499],[23.22109,65.78613],[23.41836,65.80435],[23.59209,65.80532],[23.69141,65.82852],[23.89053,65.78223],[24.15547,65.80527],[24.2375,65.81235],[24.4043,65.78047],[24.53262,65.82202],[24.5916,65.85835],[24.62803,65.85918],[24.62324,65.83169],[24.58154,65.75713],[24.6749,65.6707],[24.76426,65.6564],[24.83936,65.66035],[25.2418,65.54629],[25.34785,65.47925],[25.30791,65.35273],[25.29785,65.24321],[25.25586,65.14326],[25.34023,65.09863],[25.3623,65.06514],[25.37266,65.00947],[25.27109,64.98428],[25.22803,64.95103],[25.28076,64.91641],[25.28818,64.86035],[25.21426,64.85347],[25.13428,64.8752],[24.94219,64.88403],[24.74756,64.8521],[24.65762,64.8063],[24.55791,64.80103],[24.53018,64.73867],[24.44063,64.68013],[24.27832,64.51528],[24.02227,64.38599],[23.9248,64.27412],[23.86143,64.25825],[23.65293,64.13418],[23.59893,64.04092],[23.49395,64.03447],[23.24873,63.89614],[23.13359,63.86494],[23.01445,63.82183],[22.75625,63.68335],[22.53232,63.64785],[22.52764,63.57998],[22.39805,63.49116],[22.31865,63.50439],[22.3126,63.47256],[22.346,63.44238],[22.27324,63.45479],[22.24326,63.43794],[22.28555,63.3772],[22.31621,63.34565],[22.31973,63.31045],[22.12031,63.24414],[21.8957,63.21025],[21.80039,63.2377],[21.54512,63.2043],[21.54922,63.15552],[21.56865,63.11372],[21.65098,63.03931],[21.47354,63.03325],[21.45752,62.95],[21.1957,62.79053],[21.14385,62.73999],[21.11816,62.68926],[21.10361,62.62295],[21.14219,62.51479],[21.16563,62.41406],[21.32344,62.34258],[21.34336,62.27739],[21.35371,62.22383],[21.30166,62.11265],[21.25596,61.98965],[21.38486,61.91494],[21.47051,61.81167],[21.54561,61.70273],[21.55186,61.66685],[21.60596,61.59155],[21.59805,61.57788],[21.59238,61.56821],[21.52246,61.56714],[21.49824,61.55195],[21.52666,61.52329],[21.55234,61.50952],[21.56504,61.48433],[21.50664,61.48433],[21.50176,61.45498],[21.52119,61.41084],[21.51348,61.2812],[21.4791,61.17051],[21.45098,61.12715],[21.37773,61.05923],[21.36055,60.96748],[21.37891,60.85005],[21.404,60.76743],[21.41191,60.69683],[21.41064,60.63696],[21.43604,60.59639],[21.52783,60.57041],[21.61328,60.53096],[21.72715,60.58291],[21.80527,60.59414],[21.8543,60.50542],[21.93398,60.50029],[22.25791,60.40093],[22.52051,60.37656],[22.56035,60.38501],[22.58496,60.38057],[22.57588,60.35908],[22.5123,60.28135],[22.5167,60.26274],[22.58799,60.25566],[22.58994,60.22837],[22.56426,60.20552],[22.51299,60.19893],[22.46973,60.20132],[22.44268,60.15688],[22.47109,60.14697],[22.43857,60.09028],[22.43857,60.07227],[22.4627,60.0292],[22.64619,60.02803],[22.69736,60.0376],[22.7498,60.05728],[22.79346,60.07681],[22.81914,60.10137],[22.84443,60.18662],[22.86709,60.21582],[22.91172,60.20972],[22.99414,60.09854],[23.08018,60.04727],[23.14844,60.04131],[23.19844,60.02183],[23.18848,59.97222],[23.11572,59.9127],[23.00977,59.8688],[22.96387,59.82637],[23.02129,59.81602],[23.18145,59.84492],[23.32676,59.92578],[23.46357,59.98623],[23.59268,59.96816],[23.72178,59.96567],[24.0252,60.00918],[24.34258,60.04233],[24.44561,60.02129],[24.51797,60.04629],[24.60049,60.11426],[24.84873,60.15835],[24.95762,60.15747],[25.15586,60.19409],[25.26787,60.24834],[25.45576,60.26123],[25.54824,60.30249],[25.65645,60.3332],[25.71543,60.26743],[25.75801,60.26753],[25.8458,60.3146],[25.9459,60.34678],[26.03584,60.3415],[26.04023,60.37158],[26.00625,60.42529],[25.95596,60.47422],[26.03604,60.4749],[26.20469,60.40659],[26.37773,60.42407],[26.45645,60.4668],[26.4958,60.55181],[26.56934,60.62456],[26.60645,60.62793],[26.60176,60.59561],[26.55117,60.546],[26.51973,60.47158],[26.53467,60.41289],[26.60742,60.4377],[26.72148,60.45508],[26.95117,60.47148],[27.07559,60.52515],[27.20527,60.54346],[27.24189,60.53867],[27.4624,60.46484],[27.5251,60.49077],[27.66934,60.49897],[27.76162,60.53286],[27.79766,60.53613],[28.1793,60.571],[28.51279,60.67729],[28.57783,60.65254],[28.65059,60.61099],[28.64033,60.54287],[28.62246,60.4916],[28.4916,60.54014],[28.52227,60.48296],[28.64316,60.37529],[28.8127,60.33154],[29.06914,60.19146],[29.37041,60.17593],[29.56934,60.20186],[29.72119,60.19531],[29.87227,60.12085],[29.97676,60.02637],[30.05996,60.00259],[30.17266,59.95713],[30.15684,59.9043],[30.12256,59.87358],[29.66973,59.95566],[29.14727,59.99976],[29.0791,59.96099],[29.01338,59.90156],[28.98154,59.85479],[28.94727,59.82876],[28.86689,59.81191],[28.74766,59.80669],[28.60391,59.81807],[28.51816,59.84956],[28.45391,59.81426],[28.42373,59.73408],[28.33457,59.69253],[28.2125,59.72466],[28.13115,59.78652],[28.05801,59.78154],[28.01396,59.72476],[28.04629,59.64717],[28.06396,59.554],[28.0125,59.48428],[28.00186,59.46982],[27.89258,59.41421],[27.33584,59.45049],[26.97471,59.45063],[26.85205,59.47178],[26.625,59.55391],[26.46084,59.55391],[25.79375,59.63467],[25.61572,59.62754],[25.50928,59.63901],[25.50742,59.598],[25.5209,59.55947],[25.44375,59.52114],[24.87754,59.52207],[24.58359,59.45566],[24.38037,59.47266],[24.17539,59.37593],[24.05361,59.37231],[24.0834,59.29189],[23.78252,59.27515],[23.64053,59.24233],[23.49443,59.19565],[23.51699,59.10757],[23.48018,59.06968],[23.46777,59.03218],[23.51504,58.99922],[23.48965,58.9605],[23.43203,58.92065],[23.49717,58.81953],[23.50361,58.78984],[23.53359,58.78193],[23.68076,58.78716],[23.64746,58.75415],[23.53066,58.71626],[23.50928,58.65854],[23.56279,58.57583],[23.6915,58.50562],[23.70605,58.43301],[23.76758,58.36084],[24.01094,58.30664],[24.11484,58.26611],[24.23564,58.28955],[24.28721,58.32803],[24.33691,58.3814],[24.39219,58.38608],[24.5291,58.35425],[24.54971,58.30459],[24.53574,58.28301],[24.4875,58.26162],[24.46387,58.10596],[24.33203,57.90977],[24.32256,57.87061],[24.30156,57.78413],[24.36299,57.64531],[24.40322,57.325],[24.38262,57.25005],[24.28125,57.17231],[24.0543,57.06611],[23.93115,57.0085],[23.64775,56.97104],[23.2873,57.08975],[23.13682,57.32383],[23.03779,57.39209],[22.64863,57.59536],[22.61699,57.65117],[22.55459,57.72427],[22.23145,57.6668],[21.94238,57.59785],[21.72871,57.571],[21.45918,57.32246],[21.42148,57.23584],[21.40508,57.13101],[21.35078,57.01768],[21.25742,56.93276],[21.07129,56.82373],[21.03145,56.63657],[21.01494,56.25894],[21.04609,56.07007],[21.05381,56.02295],[21.06191,55.81343],[21.17109,55.61772],[21.23789,55.45503],[21.20107,55.3438],[21.23633,55.27119],[21.22285,55.10776],[21.18887,54.93521],[20.9959,54.90269],[20.8875,54.90947],[20.77402,54.94702],[20.67773,54.95566],[20.59482,54.98237],[20.85938,55.18364],[21.03174,55.35049],[21.10391,55.48774],[21.11572,55.56816],[21.11484,55.6165],[21.08789,55.58311],[21.05762,55.47681],[21.01406,55.40195],[20.8998,55.28667],[20.8457,55.23203],[20.67891,55.10264],[20.52031,54.99487],[20.39668,54.95127],[20.10762,54.95649],[19.97451,54.92119],[19.95322,54.83047],[19.94414,54.75],[19.85889,54.63384],[19.7585,54.54482],[19.60439,54.45918],[19.56016,54.43462],[19.40713,54.38608],[18.97627,54.34893],[18.83643,54.36958],[18.66963,54.43091],[18.58711,54.51289],[18.43623,54.74473],[18.50156,54.7415],[18.67832,54.66528],[18.79961,54.63335],[18.75928,54.68457],[18.53516,54.76943],[18.32344,54.83818],[18.08564,54.83584],[17.84297,54.8167],[17.26191,54.72954],[17.00703,54.65186],[16.88545,54.59639],[16.55977,54.55381],[16.37559,54.43687],[16.29229,54.36162],[16.23936,54.33306],[16.18633,54.29038],[16.04277,54.26636],[15.9,54.25396],[15.28838,54.13989],[14.71572,54.01831],[14.38418,53.92471],[14.24932,53.93193],[14.21143,53.95034],[14.03887,54.03457],[13.82773,54.12725],[13.82041,54.09282],[13.82715,54.05957],[13.87246,54.03628],[13.92168,53.99663],[13.90215,53.93896],[13.92578,53.87905],[14.04834,53.86309],[14.17217,53.87437],[14.35088,53.85874],[14.5584,53.82319],[14.56494,53.75352],[14.55215,53.70732],[14.57158,53.67588],[14.5835,53.63936],[14.4876,53.67188],[14.25,53.73188],[14.025,53.76743],[13.95039,53.80137],[13.86553,53.85337],[13.82227,54.01904],[13.72422,54.15322],[13.44805,54.14087],[13.14746,54.28271],[13.02861,54.41104],[12.89805,54.42266],[12.7791,54.4457],[12.57539,54.46738],[12.37852,54.34702],[12.29629,54.28379],[12.16865,54.22588],[12.11133,54.16831],[11.79629,54.14546],[11.70059,54.11353],[11.46113,53.96475],[11.39961,53.94463],[11.1043,54.00918],[10.91777,53.99531],[10.85459,54.00981],[10.81074,54.07515],[11.00859,54.18115],[11.06436,54.28052],[11.01338,54.37915],[10.95596,54.37568],[10.73154,54.31626],[10.36045,54.43833],[10.2124,54.40894],[10.1708,54.4502],[10.14346,54.48843],[9.86865,54.47246],[9.94131,54.51465],[10.02881,54.5813],[10.02217,54.67393],[9.95381,54.73828],[9.89229,54.78062],[9.7459,54.80718],[9.70527,54.92832],[9.73232,54.96802],[9.68818,55.00015],[9.64541,55.0228],[9.57236,55.04053],[9.45371,55.03955],[9.50479,55.11626],[9.64326,55.20474],[9.671,55.26641],[9.64023,55.34365],[9.62559,55.41357],[9.59111,55.49321],[9.66143,55.55747],[9.77324,55.60815],[9.81035,55.65098],[9.89902,55.70757],[9.99902,55.73555],[10.02363,55.76143],[9.96201,55.81309],[9.90371,55.84282],[10.01738,55.87607],[10.10732,55.87446],[10.15938,55.85381],[10.18301,55.86519],[10.22666,56.00537],[10.31875,56.21289],[10.37373,56.25156],[10.42695,56.27617],[10.53896,56.20034],[10.62119,56.2021],[10.75342,56.24199],[10.85645,56.29551],[10.89443,56.35903],[10.92617,56.44326],[10.88281,56.49287],[10.8459,56.52173],[10.49023,56.52051],[10.38359,56.55483],[10.28271,56.62051],[10.29668,56.78091],[10.28701,56.82295],[10.29609,56.99912],[10.33848,57.02134],[10.43691,57.17227],[10.52412,57.24321],[10.51758,57.37935],[10.53711,57.44854],[10.44463,57.56221],[10.46025,57.61455],[10.48096,57.64868],[10.60996,57.73691],[10.5333,57.7354],[10.25908,57.61704],[9.9623,57.58096],[9.81514,57.47842],[9.5543,57.23247],[9.43359,57.17432],[9.29883,57.14653],[9.03633,57.15542],[8.95225,57.15059],[8.81152,57.11006],[8.61855,57.11128],[8.42705,56.98442],[8.28408,56.85234],[8.26631,56.81533],[8.26826,56.754],[8.34668,56.71211],[8.46836,56.66455],[8.60313,56.7104],[8.77197,56.72529],[8.87607,56.88726],[8.99277,57.01611],[9.11045,57.04365],[9.25488,57.01172],[9.20967,56.8084],[9.19639,56.70166],[9.14033,56.75044],[9.06709,56.79385],[8.99453,56.7748],[8.88809,56.73506],[8.73613,56.62744],[8.71807,56.54429],[8.67168,56.49565],[8.60762,56.5145],[8.55293,56.5603],[8.47314,56.56543],[8.28145,56.6167],[8.23174,56.61807],[8.16396,56.60688],[8.12988,56.32119],[8.12148,56.13989],[8.20234,55.98237],[8.18135,55.90117],[8.13213,55.5998],[8.34531,55.5103],[8.61592,55.41821],[8.65107,55.32856],[8.66982,55.15566],[8.57295,55.13428],[8.63828,55.04556],[8.66143,54.98594],[8.68232,54.79185],[8.78965,54.69595],[8.88096,54.59395],[8.95723,54.53833],[8.95186,54.46758],[8.83115,54.42754],[8.64805,54.39766],[8.62578,54.35396],[8.64492,54.29497],[8.73604,54.29521],[8.78037,54.31304],[8.85156,54.29956],[8.90664,54.26079],[8.90352,54.00029],[8.92041,53.96533],[8.97813,53.92622],[9.06963,53.90093],[9.21641,53.89121],[9.31201,53.85913],[9.63125,53.6002],[9.78398,53.55464],[9.67314,53.56562],[9.58535,53.60049],[9.32197,53.81348],[9.20557,53.85596],[8.89775,53.83569],[8.61895,53.875],[8.57559,53.83848],[8.52842,53.7811],[8.50625,53.67075],[8.53848,53.55688],[8.49521,53.39424],[8.49268,53.51436],[8.45137,53.55171],[8.33389,53.6062],[8.30156,53.58413],[8.279,53.51118],[8.24521,53.44531],[8.20078,53.43242],[8.1085,53.46768],[8.16709,53.54341],[8.00928,53.69072],[7.6292,53.69727],[7.28525,53.68135],[7.20645,53.65454],[7.10713,53.55698],[7.07432,53.47764],[7.05332,53.37583],[7.15205,53.32695],[7.19727,53.28228],[7.05801,53.30059],[6.96816,53.32729],[6.9124,53.37539],[6.81621,53.44116],[6.56357,53.43428],[6.35322,53.41528],[6.06221,53.40708],[5.87354,53.3752],[5.53203,53.2687],[5.446,53.21406],[5.3584,53.09648],[5.06123,52.96064],[4.88799,52.90835],[4.83906,52.92827],[4.76875,52.94131],[4.7127,52.87212],[4.67832,52.80977],[4.56211,52.44258],[4.48281,52.30918],[4.37627,52.19683],[4.20879,52.05898],[4.13174,52.01191],[4.08486,51.99409],[4.02607,51.92773],[3.97891,51.8478],[3.94688,51.81055],[4.13457,51.6729],[4.15801,51.63345],[4.18262,51.6103],[4.00479,51.59585],[4.08047,51.55112],[4.17549,51.51929],[4.23936,51.50391],[4.27412,51.47163],[4.20576,51.45669],[4.14131,51.45576],[3.88604,51.57422],[3.74395,51.59604],[3.54863,51.58911],[3.49961,51.57666],[3.44893,51.54077],[3.52051,51.48618],[3.58691,51.45391],[3.69355,51.4499],[3.82188,51.40937],[4.00654,51.44321],[4.13887,51.40151],[4.22617,51.38647],[4.11152,51.36064],[4.01104,51.39595],[3.8834,51.35449],[3.7165,51.36914],[3.58945,51.39941],[3.42578,51.39351],[3.3501,51.37769],[3.2252,51.35161],[2.96016,51.26543],[2.5249,51.09712],[2.4457,51.0665],[1.9125,50.99062],[1.76768,50.93569],[1.67227,50.88501],[1.60957,50.81948],[1.57949,50.73926],[1.55156,50.29395],[1.59277,50.2522],[1.54844,50.23071],[1.51406,50.20508],[1.40723,50.08853],[1.24551,49.99824],[0.92412,49.91021],[0.61621,49.86294],[0.18672,49.70303],[0.12656,49.60156],[0.10938,49.55752],[0.12939,49.50845],[0.27764,49.46328],[0.43926,49.47319],[0.41689,49.44839],[0.13613,49.40151],[-0.01118,49.33022],[-0.16348,49.29678],[-0.5209,49.35454],[-0.76553,49.35972],[-0.95913,49.39316],[-1.13853,49.38789],[-1.19497,49.44482],[-1.23228,49.49487],[-1.26494,49.59824],[-1.25864,49.68018],[-1.36572,49.70728],[-1.58823,49.66768],[-1.70513,49.68096],[-1.85645,49.68379],[-1.87539,49.6314],[-1.87007,49.59512],[-1.81343,49.49014],[-1.69033,49.31318],[-1.58311,49.20239],[-1.56548,48.80552],[-1.48047,48.69761],[-1.37646,48.65259],[-1.43765,48.64141],[-1.82471,48.63052],[-1.85195,48.66885],[-1.90571,48.69712],[-1.97314,48.63511],[-2.00371,48.58208],[-2.07944,48.64502],[-2.44619,48.64829],[-2.69233,48.53682],[-2.79287,48.60107],[-3.00322,48.79067],[-3.23145,48.84082],[-3.47148,48.81294],[-3.546,48.76567],[-3.71479,48.7105],[-3.85566,48.69473],[-4.05889,48.70752],[-4.5312,48.61997],[-4.72075,48.53989],[-4.7625,48.45024],[-4.74854,48.41001],[-4.71938,48.36313],[-4.58472,48.35752],[-4.5248,48.37231],[-4.39316,48.36763],[-4.3644,48.35674],[-4.30176,48.34707],[-4.24141,48.30366],[-4.40332,48.29307],[-4.4979,48.29927],[-4.53066,48.30972],[-4.57715,48.29004],[-4.54434,48.24697],[-4.51221,48.22974],[-4.43462,48.21797],[-4.32944,48.16997],[-4.37783,48.12881],[-4.5124,48.09673],[-4.6292,48.08579],[-4.67881,48.0395],[-4.42798,47.96895],[-4.3751,47.87744],[-4.31211,47.8229],[-4.22642,47.80962],[-4.0707,47.84785],[-3.90093,47.83755],[-3.50781,47.75312],[-3.44395,47.71104],[-3.3959,47.72041],[-3.32861,47.71333],[-3.2647,47.68511],[-3.22158,47.69414],[-3.15884,47.69468],[-3.06421,47.62134],[-2.96406,47.60107],[-2.85938,47.61445],[-2.78721,47.62554],[-2.73311,47.60181],[-2.79678,47.53726],[-2.77031,47.51387],[-2.66592,47.52617],[-2.55405,47.52705],[-2.48271,47.51162],[-2.42769,47.4709],[-2.47632,47.41294],[-2.53003,47.38159],[-2.50312,47.31206],[-2.43442,47.29097],[-2.35303,47.27876],[-1.97539,47.31069],[-1.74253,47.21597],[-1.82129,47.22534],[-1.92173,47.26064],[-2.02759,47.27358],[-2.1083,47.26294],[-2.14858,47.22393],[-2.19707,47.16294],[-2.14355,47.12632],[-2.08193,47.11162],[-2.0189,47.03765],[-2.09028,46.92051],[-2.09248,46.86504],[-2.05937,46.8103],[-1.92144,46.68481],[-1.78652,46.51484],[-1.39248,46.3501],[-1.31279,46.3269],[-1.23882,46.32451],[-1.14629,46.31138],[-1.13203,46.25269],[-1.13638,46.20483],[-1.10439,45.92534],[-1.06602,45.80566],[-1.0415,45.77266],[-1.03174,45.74106],[-1.11436,45.76851],[-1.20996,45.7709],[-1.196,45.71445],[-1.16997,45.68594],[-0.88066,45.53818],[-0.79077,45.46802],[-0.73311,45.38462],[-0.64111,45.09019],[-0.58228,45.05137],[-0.54849,45.00059],[-0.63398,45.04712],[-0.69111,45.09346],[-0.76665,45.31436],[-0.82632,45.38066],[-0.94175,45.45708],[-1.08101,45.53242],[-1.14907,45.34263],[-1.18906,45.16147],[-1.24521,44.6667],[-1.22031,44.68662],[-1.20039,44.72646],[-1.15288,44.76401],[-1.07695,44.68984],[-1.1708,44.66182],[-1.24551,44.55986],[-1.346,44.02021],[-1.48486,43.56377],[-1.63145,43.43804],[-1.79404,43.40732],[-1.82852,43.40083],[-1.99131,43.34507],[-2.19668,43.32192],[-2.33711,43.32803],[-2.60708,43.41274],[-2.87505,43.45444],[-2.94771,43.4397],[-3.04561,43.37158],[-3.41787,43.45171],[-3.52363,43.51104],[-3.60464,43.51948],[-3.77402,43.47788],[-3.88936,43.49941],[-4.01533,43.46309],[-4.31279,43.41475],[-4.52305,43.41572],[-5.10527,43.50186],[-5.31572,43.55317],[-5.66582,43.58247],[-5.84668,43.64507],[-6.08013,43.59492],[-6.22412,43.60386],[-6.47568,43.57891],[-6.61729,43.59238],[-6.90068,43.58564],[-7.06099,43.55396],[-7.26196,43.59463],[-7.39932,43.6958],[-7.50361,43.73994],[-7.59458,43.72734],[-7.69814,43.76455],[-7.85273,43.70698],[-8.00469,43.69438],[-8.13716,43.62905],[-8.25674,43.57988],[-8.28887,43.5396],[-8.25229,43.49692],[-8.24893,43.4394],[-8.35547,43.39683],[-8.42158,43.38584],[-8.53706,43.33706],[-8.66562,43.3166],[-8.87368,43.33442],[-9.02451,43.23896],[-9.09556,43.21421],[-9.17808,43.17402],[-9.23564,43.03579],[-9.23521,42.9769],[-9.17944,42.91099],[-9.1272,42.86523],[-9.0416,42.81401],[-8.9272,42.79858],[-8.93721,42.7667],[-9.03506,42.66235],[-9.03311,42.59385],[-8.98779,42.58564],[-8.81152,42.64033],[-8.7999,42.5999],[-8.80991,42.56235],[-8.81211,42.47007],[-8.77617,42.43481],[-8.73003,42.41172],[-8.76938,42.35815],[-8.80996,42.33447],[-8.81582,42.28525],[-8.7292,42.28701],[-8.69092,42.27417],[-8.77246,42.2106],[-8.88721,42.10527],[-8.87832,41.94687],[-8.85234,41.9269],[-8.77715,41.94106],[-8.87822,41.83208],[-8.8876,41.7646],[-8.84639,41.70518],[-8.75542,41.69839],[-8.81084,41.65195],[-8.80566,41.56001],[-8.73838,41.28467],[-8.67461,41.15449],[-8.65981,41.08628],[-8.65557,41.02949],[-8.67397,40.9165],[-8.68462,40.75254],[-8.73159,40.65093],[-8.77241,40.60566],[-8.87266,40.25908],[-8.88662,40.17944],[-8.85132,40.15181],[-8.83784,40.11567],[-9.00405,39.82056],[-9.14829,39.54258],[-9.25142,39.42603],[-9.31963,39.39111],[-9.37476,39.33828],[-9.35723,39.28428],[-9.35283,39.24814],[-9.41436,39.11211],[-9.43145,38.96045],[-9.47476,38.85293],[-9.47974,38.79878],[-9.47412,38.73086],[-9.41021,38.70752],[-9.35674,38.6979],[-9.25229,38.71279],[-9.13579,38.74277],[-9.09102,38.83467],[-8.9543,39.01606],[-8.86748,39.06597],[-8.7916,39.07817],[-8.93809,38.9981],[-9.00049,38.90303],[-8.97705,38.80293],[-9.02148,38.74687],[-9.09331,38.69668],[-9.17783,38.68779],[-9.25039,38.65674],[-9.20337,38.53896],[-9.21328,38.4481],[-9.18672,38.43818],[-9.096,38.45522],[-8.91479,38.51211],[-8.86162,38.50996],[-8.79888,38.51816],[-8.73398,38.48242],[-8.66831,38.42432],[-8.8811,38.44668],[-8.81094,38.29976],[-8.80225,38.18384],[-8.87896,37.95869],[-8.82266,37.87187],[-8.79185,37.73281],[-8.81855,37.59243],[-8.81416,37.43081],[-8.92627,37.16606],[-8.9978,37.03228],[-8.93535,37.01602],[-8.84844,37.07568],[-8.73911,37.07461],[-8.59766,37.12134],[-8.48433,37.10005],[-8.13677,37.07705],[-7.9397,37.00542],[-7.83413,37.00571],[-7.4936,37.16831],[-7.40615,37.17944],[-7.17495,37.20879],[-6.97466,37.19844],[-6.92949,37.21494],[-6.86377,37.27891],[-6.85938,37.24917],[-6.88462,37.19424],[-6.49243,36.95464],[-6.39619,36.83164],[-6.32095,36.9085],[-6.2168,36.91357],[-6.25942,36.89897],[-6.32832,36.84814],[-6.41226,36.72886],[-6.38413,36.63701],[-6.26895,36.59673],[-6.25771,36.56484],[-6.26592,36.52651],[-6.22627,36.42646],[-6.17046,36.33379],[-6.04067,36.18843],[-5.96069,36.18174],[-5.8084,36.08833],[-5.62549,36.02593],[-5.55127,36.03882],[-5.4625,36.07378],[-5.4436,36.15059],[-5.40723,36.15889],[-5.38159,36.13408],[-5.36094,36.13491],[-5.32969,36.23574],[-5.23052,36.37363],[-5.17148,36.42378],[-4.9353,36.50205],[-4.67412,36.50645],[-4.50225,36.62915],[-4.43486,36.70024],[-4.36685,36.71812],[-3.82778,36.75605],[-3.57881,36.73984],[-3.43125,36.70791],[-3.25913,36.75576],[-3.14917,36.7585],[-2.90186,36.74316],[-2.78755,36.71475],[-2.67061,36.74756],[-2.5957,36.80649],[-2.45283,36.83115],[-2.30557,36.81982],[-2.1877,36.74546],[-2.11152,36.77666],[-1.93931,36.94585],[-1.79761,37.23286],[-1.64097,37.38696],[-1.32754,37.56113],[-0.93809,37.57134],[-0.82217,37.58076],[-0.77187,37.59624],[-0.72158,37.63105],[-0.8231,37.71162],[-0.81465,37.76992],[-0.75273,37.85024],[-0.74155,37.88613],[-0.6832,37.99204],[-0.64678,38.15186],[-0.55068,38.20312],[-0.5208,38.31729],[-0.38125,38.43564],[-0.05273,38.58569],[0.13633,38.69678],[0.20156,38.75918],[0.15488,38.82466],[-0.03413,38.89121],[-0.13379,38.96948],[-0.20493,39.0626],[-0.32896,39.41709],[-0.327,39.51987],[-0.07515,39.87593],[0.04307,40.01396],[0.1584,40.10659],[0.36367,40.31904],[0.59609,40.6145],[0.62715,40.62222],[0.66006,40.61333],[0.72061,40.63047],[0.85918,40.68623],[0.89111,40.72236],[0.79609,40.80381],[0.71465,40.82285],[0.81689,40.8916],[1.03291,41.06206],[1.20586,41.09756],[1.5666,41.19561],[2.08262,41.2874],[2.14561,41.32075],[2.31094,41.4665],[3.00488,41.76743],[3.14688,41.86104],[3.24805,41.94424],[3.23809,42.08223],[3.22461,42.11113],[3.1752,42.13599],[3.15039,42.16245],[3.16641,42.25649],[3.21865,42.26035],[3.30674,42.28896],[3.28789,42.3437],[3.23984,42.36787],[3.21143,42.43115],[3.19785,42.46118],[3.09092,42.59087],[3.04307,42.83789],[3.05176,42.91514],[3.16289,43.08076],[3.25889,43.19321],[3.78477,43.46162],[3.86162,43.51636],[3.91084,43.56309],[4.05264,43.59307],[4.0751,43.58184],[4.11309,43.56304],[4.16279,43.50366],[4.22422,43.47964],[4.37617,43.4564],[4.40977,43.44722],[4.62871,43.38711],[4.71211,43.37329],[4.78906,43.37891],[4.78721,43.40142],[4.80791,43.40522],[4.84355,43.39395],[4.87373,43.41162],[4.91191,43.42695],[4.97598,43.42695],[5.05977,43.44453],[5.06084,43.4063],[5.07314,43.3666],[5.12041,43.34897],[5.19951,43.35249],[5.32021,43.34492],[5.40654,43.22852],[5.67158,43.17783],[5.80947,43.0979],[6.03057,43.10098],[6.11592,43.07236],[6.30537,43.13872],[6.49404,43.16929],[6.57021,43.19907],[6.65723,43.26167],[6.6874,43.33457],[6.7166,43.37358],[6.86475,43.43833],[7.18145,43.65913],[7.26152,43.69609],[7.37773,43.73174],[7.43867,43.75044],[7.49316,43.76714],[7.7333,43.80259],[8.00498,43.87676],[8.08164,43.91895],[8.29238,44.13652],[8.55195,44.34614],[8.76582,44.42231],[8.93037,44.40776],[9.196,44.323],[9.28936,44.31924],[9.73086,44.10117],[10.04766,44.01997],[10.18809,43.94751],[10.2458,43.8521],[10.32051,43.51309],[10.44756,43.37119],[10.5208,43.20381],[10.53232,43.14014],[10.51729,43.06514],[10.51484,42.96753],[10.59023,42.95361],[10.64463,42.95718],[10.7084,42.93633],[10.73711,42.89995],[10.76514,42.84468],[10.80313,42.8043],[10.93779,42.73872],[11.16777,42.53516],[11.18477,42.45659],[11.1418,42.44409],[11.10322,42.4166],[11.14121,42.38989],[11.18887,42.39312],[11.24971,42.41572],[11.29629,42.42329],[11.49844,42.36294],[11.6373,42.28755],[11.80703,42.08203],[12.07529,41.94087],[12.20566,41.81265],[12.63086,41.46968],[12.84922,41.40874],[13.02422,41.30093],[13.04102,41.26621],[13.08867,41.24385],[13.1834,41.27769],[13.24688,41.28887],[13.36191,41.27852],[13.55479,41.23218],[13.66973,41.25449],[13.7334,41.23564],[13.85977,41.12998],[14.04766,40.87031],[14.04434,40.81226],[14.07588,40.79395],[14.10234,40.82715],[14.14717,40.8207],[14.30889,40.81265],[14.42813,40.75933],[14.46055,40.72871],[14.33994,40.59883],[14.38271,40.59985],[14.45938,40.63271],[14.55693,40.62642],[14.61123,40.64478],[14.76572,40.66841],[14.83955,40.62998],[14.90693,40.55605],[14.94766,40.46934],[14.98613,40.37749],[14.9291,40.30957],[14.92695,40.26475],[14.95088,40.23901],[15.29453,40.07002],[15.39092,40.05215],[15.58516,40.05283],[15.69277,39.99019],[15.76367,39.87007],[15.85439,39.62651],[16.02363,39.35361],[16.07148,39.13945],[16.10742,39.02383],[16.20996,38.94111],[16.19678,38.75923],[16.06553,38.73643],[15.97236,38.7126],[15.92695,38.67173],[15.87891,38.61392],[15.90479,38.4835],[15.82236,38.30298],[15.7002,38.2623],[15.64307,38.17539],[15.6458,38.03423],[15.72451,37.93911],[16.05684,37.94185],[16.10977,38.01865],[16.14414,38.08638],[16.28242,38.24956],[16.54561,38.40908],[16.57422,38.49355],[16.55898,38.71479],[16.6167,38.80015],[16.75547,38.8897],[16.95146,38.93979],[17.09854,38.91934],[17.17461,38.9981],[17.12295,39.13657],[17.11455,39.38062],[16.99922,39.48159],[16.82432,39.57832],[16.59775,39.63892],[16.52188,39.74756],[16.52998,39.85967],[16.66963,40.13721],[16.80703,40.32646],[16.92822,40.45806],[17.03125,40.51348],[17.17998,40.50278],[17.21533,40.48643],[17.24941,40.43789],[17.25771,40.39907],[17.3958,40.34023],[17.47617,40.31494],[17.86504,40.28018],[18.07793,39.93696],[18.21934,39.85254],[18.34375,39.82139],[18.39346,39.90361],[18.42256,39.98687],[18.48584,40.10483],[18.46064,40.22104],[18.32822,40.37085],[18.03613,40.56494],[17.95498,40.65518],[17.47422,40.84058],[17.2752,40.97544],[17.10342,41.06216],[16.55186,41.23203],[16.0126,41.4354],[15.90049,41.51206],[15.91377,41.62085],[16.03369,41.70078],[16.15127,41.7585],[16.18916,41.81401],[16.16465,41.89619],[16.06152,41.92812],[15.96406,41.93945],[15.40498,41.91323],[15.16875,41.93403],[14.86611,42.05254],[14.54072,42.24429],[14.18271,42.50645],[14.01045,42.68955],[13.9249,42.85156],[13.80469,43.18037],[13.69326,43.38989],[13.56416,43.57129],[13.5082,43.61167],[13.29531,43.68608],[12.90703,43.92119],[12.69111,43.99473],[12.48682,44.13423],[12.39629,44.22388],[12.30498,44.42944],[12.24834,44.72251],[12.27891,44.83223],[12.31904,44.83311],[12.38447,44.79834],[12.46357,44.84521],[12.49795,44.89941],[12.52344,44.96797],[12.39248,45.03979],[12.28633,45.20771],[12.22568,45.2415],[12.24883,45.36885],[12.27432,45.44604],[12.35381,45.49199],[12.4918,45.54629],[12.53613,45.54492],[12.43213,45.46792],[12.49756,45.46167],[12.61172,45.49722],[12.76123,45.54429],[12.90303,45.61079],[13.03027,45.6375],[13.12012,45.6979],[13.15674,45.74658],[13.20635,45.77139],[13.46514,45.70996],[13.5582,45.7707],[13.62832,45.77095],[13.7833,45.62725],[13.71982,45.5876],[13.6373,45.53594],[13.57793,45.51689],[13.51719,45.48179],[13.60332,45.2314],[13.61348,45.16343],[13.6293,45.1082],[13.74248,44.9915],[13.86074,44.8374],[13.8998,44.82935],[13.96582,44.83564],[14.04199,44.9272],[14.09063,44.99761],[14.23633,45.15967],[14.26855,45.28252],[14.3127,45.33779],[14.38613,45.34214],[14.55049,45.29771],[14.63203,45.2229],[14.85459,45.08101],[14.90654,44.97139],[14.88525,44.81826],[14.89521,44.70659],[14.98135,44.60293],[15.26982,44.3835],[15.38135,44.32827],[15.471,44.27197],[15.36973,44.28926],[15.28428,44.28882],[15.23135,44.27144],[15.18467,44.2729],[15.12295,44.25679],[15.18584,44.17212],[15.49941,43.90879],[15.65566,43.81128],[15.82061,43.73594],[15.9415,43.65664],[15.94912,43.60698],[15.94258,43.56895],[15.98555,43.51978],[16.046,43.50552],[16.13105,43.5063],[16.26895,43.53125],[16.39395,43.54336],[16.60029,43.46406],[16.90313,43.39243],[17.12939,43.21113],[17.32988,43.11489],[17.5373,42.96226],[17.58516,42.93838],[17.66758,42.89712],[17.72363,42.85068],[17.21982,43.02588],[17.12646,43.02559],[17.04541,43.01489],[17.2582,42.96846],[17.58496,42.83716],[17.82383,42.79741],[18.16064,42.63403],[18.33301,42.52788],[18.51748,42.43291],[18.55352,42.42852],[18.5916,42.44419],[18.6459,42.44272],[18.6334,42.42314],[18.61904,42.39839],[18.63291,42.37808],[18.89424,42.24946],[19.12227,42.0605],[19.18643,41.94863],[19.34238,41.86909],[19.46826,41.85615],[19.57754,41.7875],[19.57568,41.64043],[19.5458,41.59683],[19.49736,41.5627],[19.44063,41.42476],[19.45342,41.321],[19.48008,41.23638],[19.45605,41.10605],[19.46123,40.9333],[19.38389,40.79072],[19.3375,40.66382],[19.34463,40.62207],[19.43926,40.47026],[19.45918,40.40537],[19.44053,40.37568],[19.39453,40.3937],[19.35859,40.40874],[19.32227,40.40708],[19.36016,40.34771],[19.39814,40.28486],[19.48457,40.20996],[19.85186,40.04355],[19.96484,39.87227],[19.99561,39.80103],[20.00127,39.70942],[20.09941,39.64126],[20.19141,39.5458],[20.30078,39.3271],[20.46826,39.25527],[20.57168,39.14771],[20.69131,39.06748],[20.71338,39.03516],[20.77969,39.00854],[20.92275,39.03677],[21.03408,39.02627],[21.06855,39.03228],[21.11836,39.02998],[21.14453,38.9792],[21.15234,38.92207],[21.11162,38.89629],[21.07422,38.88516],[20.89316,38.94111],[20.77734,38.92788],[20.76855,38.87441],[20.77686,38.80752],[20.87324,38.77573],[20.99219,38.654],[21.05977,38.50327],[21.11318,38.38467],[21.18262,38.34556],[21.30332,38.37393],[21.32979,38.42437],[21.33105,38.4873],[21.35547,38.4748],[21.39014,38.40781],[21.47256,38.32139],[21.56768,38.33359],[21.6501,38.354],[21.71709,38.35503],[21.80469,38.36694],[21.96533,38.41245],[22.22686,38.35283],[22.31992,38.35684],[22.38525,38.38555],[22.42168,38.43853],[22.5834,38.34492],[22.75391,38.2895],[22.78369,38.26172],[22.83438,38.23472],[22.93252,38.20195],[22.99541,38.21553],[23.03438,38.2021],[23.09355,38.19644],[23.14893,38.17607],[23.1835,38.13369],[23.15254,38.09639],[23.12207,38.07334],[22.95479,38.07461],[22.89316,38.05093],[22.91699,38.00747],[22.92031,37.9583],[22.84639,37.96758],[22.79961,37.9812],[22.71152,38.04692],[22.55586,38.11323],[22.24375,38.18872],[21.95332,38.32119],[21.82471,38.32812],[21.74844,38.27422],[21.6584,38.1751],[21.54873,38.1646],[21.45117,38.20474],[21.40371,38.19668],[21.30811,38.02744],[21.14502,37.91929],[21.12471,37.8916],[21.13799,37.85415],[21.20527,37.82886],[21.28848,37.77451],[21.3293,37.66934],[21.41621,37.63994],[21.57129,37.54102],[21.67891,37.38721],[21.69248,37.30928],[21.57881,37.20039],[21.58291,37.08096],[21.73809,36.86323],[21.89238,36.7373],[21.93428,36.80366],[21.94004,36.8918],[21.95557,36.99009],[22.01172,37.0165],[22.08047,37.02896],[22.13379,36.96392],[22.16475,36.90283],[22.23115,36.88257],[22.37598,36.7019],[22.38125,36.64619],[22.3748,36.51357],[22.42773,36.47578],[22.48945,36.44692],[22.48906,36.56816],[22.6084,36.77974],[22.71719,36.79395],[22.77988,36.78618],[22.83232,36.68711],[22.98291,36.52837],[23.06055,36.48696],[23.10684,36.45186],[23.16016,36.4481],[23.11172,36.54761],[23.04102,36.64453],[23.07354,36.77495],[23.06035,36.85352],[22.99502,37.01587],[22.85107,37.29082],[22.76504,37.39331],[22.72539,37.54214],[22.775,37.58511],[22.85107,37.53223],[22.94053,37.51709],[23.01514,37.48179],[23.09648,37.44058],[23.1,37.36377],[23.16152,37.33384],[23.20303,37.34854],[23.25254,37.37729],[23.48926,37.44019],[23.49063,37.46387],[23.45811,37.49692],[23.40879,37.54155],[23.39619,37.57979],[23.34756,37.59756],[23.2627,37.59541],[23.19756,37.62021],[23.14717,37.71626],[23.14717,37.79531],[23.08613,37.85312],[23.03633,37.87837],[23.04746,37.90264],[23.0874,37.91284],[23.19365,37.95903],[23.42021,37.99209],[23.50176,38.03486],[23.53721,38.03276],[23.58047,38.01055],[23.73281,37.88408],[23.87734,37.77778],[23.97158,37.67676],[24.01973,37.67773],[24.05537,37.70962],[24.0623,37.77451],[24.06133,37.81792],[24.03301,37.95532],[24.02451,38.13979],[24.00537,38.22681],[23.96699,38.275],[23.83604,38.32549],[23.68398,38.35244],[23.56963,38.4894],[23.36895,38.52554],[23.25293,38.66123],[23.1377,38.66797],[23.02031,38.74189],[22.77402,38.80039],[22.6875,38.84917],[22.63428,38.85068],[22.56914,38.86748],[22.59678,38.89058],[22.67686,38.89893],[22.80264,38.90161],[22.93047,38.94771],[23.0667,39.03794],[22.96553,39.03091],[22.93896,39.11152],[22.88604,39.16997],[22.83896,39.25859],[22.92139,39.30635],[22.99287,39.33105],[23.16172,39.25776],[23.16875,39.21045],[23.11943,39.13276],[23.15469,39.10146],[23.21836,39.10439],[23.32773,39.1749],[23.28848,39.28882],[23.2334,39.35845],[23.10342,39.49204],[22.97881,39.56382],[22.91904,39.62891],[22.83574,39.80059],[22.59219,40.03691],[22.56934,40.11934],[22.60547,40.27642],[22.64268,40.3666],[22.6249,40.42861],[22.62949,40.49556],[22.74189,40.53647],[22.81143,40.57861],[22.92227,40.59087],[22.89287,40.52427],[22.85137,40.49062],[22.89648,40.3999],[23.09814,40.3043],[23.31201,40.21646],[23.32822,40.08994],[23.39561,39.98984],[23.62734,39.92407],[23.65752,39.93447],[23.67412,39.95889],[23.46709,40.07393],[23.4332,40.11543],[23.38643,40.22197],[23.42627,40.26396],[23.66455,40.22383],[23.83535,40.02227],[23.94707,39.96558],[23.98184,39.99404],[24.00078,40.02461],[23.96748,40.11455],[23.91758,40.15522],[23.82344,40.20513],[23.72051,40.28628],[23.72793,40.32974],[23.82344,40.36802],[23.91318,40.35879],[24.05605,40.30356],[24.15879,40.28003],[24.23242,40.21519],[24.34336,40.14771],[24.29248,40.2418],[24.21279,40.32778],[24.03057,40.40933],[23.93203,40.40576],[23.8668,40.41855],[23.83193,40.48154],[23.87891,40.54438],[23.77871,40.62798],[23.74326,40.677],[23.76279,40.7478],[23.94609,40.74834],[24.08232,40.72407],[24.23438,40.78613],[24.38379,40.91274],[24.47705,40.94775],[24.55654,40.9356],[24.67871,40.86948],[24.79297,40.85752],[25.00469,40.96753],[25.10449,40.99473],[25.2501,40.93281],[25.32529,40.94312],[25.49678,40.88779],[25.85566,40.84409],[26.01074,40.76914],[26.03896,40.72676],[26.06777,40.6834],[26.10547,40.61133],[26.22422,40.61807],[26.36094,40.60635],[26.57812,40.62466],[26.79209,40.62661],[26.72031,40.54424],[26.44746,40.44502],[26.35527,40.39023],[26.25381,40.3147],[26.25234,40.24814],[26.26016,40.20239],[26.22598,40.1417],[26.20273,40.07539],[26.27178,40.09658],[26.32998,40.12339],[26.46797,40.26147],[26.77207,40.49805],[26.97461,40.56401],[27.25801,40.68735],[27.43018,40.83994],[27.49941,40.97314],[27.74736,41.01328],[27.9252,40.99058],[28.08555,41.06133],[28.17217,41.08071],[28.29492,41.07148],[28.78037,40.97417],[28.95625,41.0082],[28.996,41.06113],[29.03213,41.14048],[29.05723,41.22974],[28.94678,41.24839],[28.34639,41.46636],[28.19785,41.55449],[28.05029,41.72915],[27.9873,41.85488],[28.01445,41.96904],[27.98271,42.04741],[27.82139,42.20801],[27.7082,42.34995],[27.63955,42.40098],[27.48477,42.46807],[27.75371,42.70654],[27.81836,42.71665],[27.88887,42.74971],[27.89648,43.0207],[27.92891,43.18613],[27.9793,43.23052],[28.03516,43.26826],[28.13369,43.39561],[28.31963,43.42686],[28.46543,43.38931],[28.56182,43.50132],[28.58535,43.74224],[28.59072,43.79741],[28.65859,43.98384],[28.64541,44.29565],[28.69922,44.37422],[28.85176,44.5061],[28.88818,44.57476],[28.80703,44.56504],[28.81357,44.60249],[28.84648,44.63687],[28.84902,44.71631],[28.87041,44.74995],[28.92617,44.81001],[28.8915,44.91865],[28.93057,44.96582],[28.98066,44.99292],[29.09531,44.97505],[29.04775,44.92568],[29.06914,44.87114],[29.08105,44.79883],[29.04824,44.75757],[29.55752,44.84341],[29.60547,44.91548],[29.63535,44.97964],[29.67861,45.15166],[29.68906,45.19321],[29.70586,45.25991],[29.72695,45.34331],[29.67031,45.54067],[29.60117,45.6],[29.60166,45.68252],[29.62842,45.72246],[29.68506,45.75469],[29.82119,45.73208],[29.90166,45.75239],[30.00664,45.79795],[30.18418,45.84995],[30.21904,45.86675],[30.49297,46.09014],[30.51152,46.10537],[30.65674,46.2665],[30.67227,46.304],[30.72168,46.36621],[30.77285,46.47305],[30.79629,46.552],[31.13682,46.62446],[31.32031,46.6125],[31.40293,46.62881],[31.49688,46.73838],[31.56338,46.77729],[31.53213,46.66475],[31.65703,46.64243],[31.77959,46.63164],[31.87285,46.64976],[31.90166,46.72163],[31.9127,46.92612],[31.86592,47.00327],[31.83691,47.08701],[31.75918,47.21284],[31.83818,47.15723],[31.86475,47.09512],[31.93955,46.98198],[31.96406,46.85483],[31.94492,46.78437],[31.97432,46.70879],[32.04434,46.64248],[32.12725,46.59722],[32.3541,46.56484],[32.57803,46.61562],[32.55254,46.59199],[32.41895,46.51777],[32.36133,46.47495],[32.13145,46.50937],[31.87793,46.52168],[31.71602,46.55498],[31.55488,46.5543],[31.62363,46.51025],[31.71367,46.47178],[31.85576,46.46245],[32.0085,46.42998],[32.01309,46.38716],[31.9917,46.3644],[31.91592,46.34868],[31.84287,46.34614],[31.77998,46.32466],[31.83125,46.28169],[31.9252,46.28726],[32.03574,46.26099],[32.32988,46.13037],[32.47676,46.08369],[32.79688,46.13149],[32.9418,46.12378],[33.20225,46.17573],[33.26348,46.12568],[33.42988,46.05762],[33.49883,46.07886],[33.59414,46.09624],[33.63672,46.03286],[33.66484,45.94707],[33.46621,45.83794],[33.28008,45.76523],[33.14229,45.74922],[32.82803,45.59302],[32.50801,45.40381],[32.55186,45.35039],[32.61133,45.32808],[32.77266,45.35898],[32.91865,45.34814],[33.18691,45.19478],[33.26152,45.17075],[33.39248,45.18784],[33.55518,45.09766],[33.60117,44.98149],[33.61221,44.90781],[33.53008,44.68052],[33.49131,44.6186],[33.4627,44.59683],[33.45068,44.55366],[33.65586,44.4332],[33.75566,44.39893],[33.90996,44.3876],[34.07441,44.42383],[34.28174,44.53843],[34.46992,44.72168],[34.71689,44.80713],[34.88779,44.82358],[35.0877,44.80264],[35.15479,44.89634],[35.35781,44.97842],[35.47256,45.09849],[35.56953,45.11934],[35.67754,45.102],[35.75947,45.07085],[35.80361,45.0396],[35.87012,45.00532],[36.05479,45.03081],[36.22988,45.02598],[36.39336,45.06538],[36.42842,45.15327],[36.45078,45.23232],[36.51426,45.30376],[36.575,45.39355],[36.42705,45.43325],[36.29033,45.45674],[36.17051,45.45308],[36.07715,45.42412],[36.01289,45.37168],[35.8335,45.40161],[35.75098,45.38936],[35.55801,45.31089],[35.45752,45.31631],[35.37393,45.35361],[35.26016,45.44692],[35.02285,45.70098],[34.90664,45.87881],[34.85732,45.98735],[34.84375,46.07358],[34.84961,46.18989],[34.96953,46.24209],[35.06406,46.26724],[35.23037,46.44062],[35.29199,46.3707],[35.29092,46.3144],[35.28018,46.27949],[35.21777,46.23218],[35.01455,46.10601],[35.05527,46.104],[35.13232,46.12588],[35.20439,46.16919],[35.25664,46.20391],[35.4002,46.3814],[35.82715,46.62432],[36.0249,46.6668],[36.19463,46.64551],[36.27949,46.65859],[36.43203,46.73257],[36.55879,46.7627],[36.68867,46.76411],[36.79482,46.7144],[36.93203,46.82515],[37.04756,46.87622],[37.21855,46.91733],[37.33984,46.91689],[37.54336,47.07456],[37.82871,47.09585],[38.17832,47.08022],[38.21436,47.09146],[38.48477,47.17554],[38.57725,47.23911],[38.76191,47.26162],[38.73604,47.23584],[38.64434,47.21221],[38.55244,47.15034],[38.66816,47.14395],[38.92832,47.17568],[39.02373,47.27222],[39.1957,47.26885],[39.24453,47.19951],[39.29346,47.10576],[39.28906,47.0709],[39.2707,47.04414],[39.12676,47.02344],[38.80107,46.90615],[38.63076,46.87305],[38.43867,46.81309],[38.48799,46.73218],[38.50098,46.66367],[38.34346,46.67832],[38.22998,46.70127],[38.15947,46.69067],[37.96797,46.61802],[37.86738,46.63379],[37.7665,46.63613],[37.80957,46.53208],[37.91387,46.40649],[37.97754,46.38286],[38.07773,46.39434],[38.31523,46.24194],[38.49229,46.09053],[38.40039,46.08003],[38.31182,46.09536],[38.18359,46.09482],[38.13281,46.00283],[38.07959,45.93481],[38.06973,45.96987],[38.07383,46.01709],[38.01426,46.04775],[37.93311,46.00171],[37.84092,45.79956],[37.66924,45.65405],[37.6124,45.5647],[37.60996,45.49951],[37.63438,45.48633],[37.67188,45.48838],[37.67295,45.42974],[37.64717,45.3772],[37.26426,45.31094],[37.21357,45.27231],[37.10352,45.30288],[36.97783,45.38359],[36.86592,45.42705],[36.79375,45.40972],[36.72041,45.37187],[36.76162,45.34834],[36.81104,45.34004],[36.94121,45.2897],[36.87305,45.25176],[36.61914,45.1855],[36.62764,45.15132],[36.65078,45.12646],[36.94443,45.06958],[37.20479,44.97197],[37.28408,44.90503],[37.35234,44.78838],[37.41133,44.73535],[37.49512,44.69526],[37.57246,44.67085],[37.70488,44.66138],[37.85146,44.69883],[38.18125,44.41968],[38.31182,44.37446],[38.63584,44.31802],[38.71729,44.28809],[39.32939,43.89727],[39.5167,43.72788],[39.87363,43.4728],[39.97832,43.41982],[40.19063,43.3124],[40.46211,43.1457],[40.52402,43.12104],[40.83662,43.06348],[41.06162,42.93086],[41.12871,42.82812],[41.41943,42.73765],[41.48877,42.65933],[41.57773,42.39785],[41.66328,42.14687],[41.76299,41.97002],[41.76074,41.88486],[41.75879,41.81714],[41.70176,41.70542],[41.51006,41.51748],[41.41436,41.42363],[41.08359,41.26118],[40.95947,41.21162],[40.81953,41.19023],[40.6875,41.10742],[40.26523,40.96133],[40.12842,40.94302],[40.0002,40.97715],[39.91113,40.96646],[39.80791,40.98252],[39.42637,41.10645],[38.85215,41.01768],[38.55693,40.93652],[38.38105,40.92451],[37.91006,41.0019],[37.76562,41.07891],[37.43096,41.11411],[37.06621,41.18442],[36.99199,41.27539],[36.77773,41.36348],[36.64707,41.35254],[36.58711,41.32666],[36.50967,41.2625],[36.40537,41.27461],[36.27842,41.33613],[36.1792,41.42656],[36.05176,41.68257],[35.97813,41.70483],[35.91982,41.71372],[35.55801,41.63403],[35.29775,41.72852],[35.20918,41.79438],[35.12207,41.89111],[35.11406,41.95698],[35.14102,41.9895],[35.15488,42.02754],[35.00645,42.06328],[34.75049,41.95684],[34.19297,41.96367],[33.38135,42.01758],[33.28477,42.00459],[32.94668,41.89175],[32.54219,41.8064],[32.30645,41.72959],[32.08643,41.58921],[31.45801,41.32002],[31.34668,41.15791],[31.25488,41.10762],[30.81006,41.08486],[30.34492,41.19692],[29.91934,41.15083],[29.32227,41.22773],[29.14814,41.22104],[29.09434,41.17725],[29.06738,41.10166],[29.04551,41.00757],[29.08223,40.96343],[29.11387,40.93784],[29.25977,40.84731],[29.36475,40.80928],[29.80059,40.76016],[29.84922,40.76011],[29.84492,40.73809],[29.50762,40.7084],[29.0541,40.64912],[28.95801,40.63057],[28.78789,40.53403],[28.84121,40.50347],[28.89463,40.48242],[28.97402,40.46738],[29.05518,40.42417],[29.00713,40.38975],[28.73887,40.39087],[28.63027,40.37646],[28.28906,40.40303],[27.9626,40.36987],[27.92891,40.38042],[27.96436,40.4353],[27.99482,40.4666],[27.98955,40.48945],[27.8749,40.51294],[27.76914,40.50962],[27.73184,40.48149],[27.84854,40.38174],[27.78936,40.35088],[27.72803,40.32881],[27.47559,40.31992],[27.33262,40.37593],[27.31416,40.41489],[27.28457,40.45562],[27.12168,40.45234],[27.01211,40.39634],[26.73809,40.40024],[26.47539,40.19727],[26.31338,40.025],[26.18135,39.99009],[26.1498,39.87285],[26.15469,39.65664],[26.10137,39.56895],[26.096,39.5208],[26.11309,39.46738],[26.35078,39.48408],[26.48408,39.5207],[26.82705,39.56289],[26.89922,39.54966],[26.91094,39.51733],[26.81328,39.41904],[26.71074,39.33965],[26.68184,39.29224],[26.71934,39.26064],[26.85361,39.11562],[26.84932,39.05674],[26.8083,39.01392],[26.81494,38.96099],[26.86621,38.92295],[26.92031,38.93423],[26.97012,38.91904],[27.01367,38.88687],[26.90918,38.77578],[26.79014,38.73608],[26.76367,38.70962],[26.7877,38.66021],[26.79531,38.62642],[26.83779,38.55757],[26.90684,38.48174],[26.97041,38.44785],[27.14424,38.45195],[27.09863,38.41572],[26.86143,38.37295],[26.76992,38.38818],[26.72734,38.4186],[26.69639,38.40537],[26.67422,38.33574],[26.64131,38.35244],[26.59502,38.4186],[26.61035,38.48691],[26.58652,38.55703],[26.51357,38.62949],[26.44131,38.64121],[26.37783,38.62417],[26.37227,38.56191],[26.42969,38.44062],[26.41641,38.36787],[26.34365,38.37007],[26.29072,38.2772],[26.33291,38.24248],[26.42793,38.21436],[26.52471,38.16226],[26.58242,38.14927],[26.62109,38.17637],[26.68281,38.19834],[26.80742,38.13833],[26.87861,38.05479],[26.94385,38.06289],[27.15869,37.98687],[27.23242,37.97866],[27.25479,37.88232],[27.22441,37.72544],[27.07783,37.6877],[27.06797,37.65791],[27.14795,37.60361],[27.20391,37.49141],[27.21924,37.38916],[27.28955,37.34868],[27.37627,37.34072],[27.40059,37.30674],[27.52012,37.24912],[27.53506,37.16387],[27.36816,37.12241],[27.3002,37.12686],[27.24971,37.07915],[27.26299,36.97656],[27.31104,36.98188],[27.34893,37.01958],[27.66836,37.00742],[28.13369,37.02949],[28.24238,37.02905],[28.22441,36.99639],[28.08301,36.92026],[28.00537,36.83198],[27.93447,36.80928],[27.63086,36.78667],[27.55469,36.75889],[27.46689,36.74634],[27.45391,36.71216],[27.54043,36.68423],[27.65586,36.67461],[27.80381,36.73647],[28.08398,36.75146],[28.01416,36.67021],[28.01943,36.63447],[28.11152,36.64639],[28.19561,36.68633],[28.30371,36.81196],[28.48359,36.80381],[28.71768,36.70088],[28.81689,36.67529],[28.8959,36.67358],[28.96963,36.71533],[29.03828,36.69346],[29.05811,36.63813],[29.06553,36.59009],[29.11611,36.52012],[29.14326,36.39722],[29.22363,36.32446],[29.34834,36.25884],[29.68906,36.15669],[29.78926,36.16807],[30.0832,36.24937],[30.23164,36.30732],[30.29541,36.2877],[30.3873,36.24326],[30.44609,36.26987],[30.48359,36.3104],[30.50605,36.45112],[30.5585,36.52583],[30.58203,36.79717],[30.64404,36.86567],[30.95029,36.84868],[31.24063,36.82173],[31.35254,36.80107],[31.77793,36.61279],[32.02197,36.5353],[32.13057,36.44912],[32.28379,36.26787],[32.37773,36.18364],[32.53379,36.10073],[32.79482,36.03589],[32.92949,36.0957],[33.09951,36.10298],[33.4418,36.15283],[33.52275,36.14399],[33.69473,36.18198],[33.95488,36.29521],[34.02344,36.34077],[34.29961,36.6042],[34.60137,36.78447],[34.70361,36.8168],[34.81123,36.79927],[34.94316,36.72568],[35.17617,36.63486],[35.39316,36.5752],[35.5374,36.59702],[35.62559,36.65278],[35.66113,36.72432],[35.73428,36.76396],[35.80156,36.77808],[35.90459,36.84761],[36.04893,36.9106],[36.13516,36.85161],[36.18008,36.80723],[36.18818,36.74307],[36.18848,36.65898],[36.03174,36.52271],[35.88281,36.40635],[35.81094,36.30986],[35.88711,36.15908],[35.95693,35.99814],[35.89268,35.91655],[35.83965,35.84922],[35.76445,35.57158],[35.90244,35.4207],[35.91602,35.35054],[35.91807,35.29951],[35.94307,35.22383],[35.88994,35.0603],[35.88789,34.94863],[35.89932,34.8521],[35.97627,34.6292],[35.97793,34.54741],[35.92139,34.49331],[35.8043,34.4374],[35.64785,34.24824],[35.61182,34.03218],[35.51084,33.87974],[35.33574,33.50347],[35.25137,33.39263],[35.20352,33.25898],[35.15508,33.16001],[35.10859,33.08369],[35.07705,32.96719],[35.00586,32.82661],[34.92188,32.61406],[34.80381,32.19634],[34.67842,31.8957],[34.48398,31.59229],[34.47734,31.58486],[34.3873,31.48379],[34.19814,31.32261],[34.17627,31.30391],[33.90254,31.18096],[33.6665,31.13042],[33.37793,31.13096],[33.19434,31.08452],[33.15674,31.12622],[33.12988,31.16816],[32.90156,31.11094],[32.85449,31.11772],[32.68457,31.07402],[32.60332,31.06875],[32.53281,31.10073],[32.32354,31.25605],[32.25059,31.29492],[32.21621,31.29375],[32.24277,31.24653],[32.28184,31.20088],[32.20654,31.11904],[32.10176,31.09282],[32.06563,31.15298],[32.0085,31.22051],[31.90205,31.24019],[31.77109,31.29258],[31.87588,31.41372],[31.89219,31.48247],[32.07607,31.34448],[32.13604,31.34106],[31.96426,31.5021],[31.88896,31.54141],[31.83926,31.52632],[31.60654,31.45576],[31.52441,31.45825],[31.19395,31.5876],[31.08291,31.60332],[31.05195,31.59155],[31.03086,31.50757],[31.00176,31.46279],[30.84141,31.43989],[30.70049,31.40386],[30.56299,31.41699],[30.88418,31.52236],[30.92354,31.56685],[30.571,31.473],[30.39512,31.45762],[30.34375,31.40273],[30.3123,31.35703],[30.2623,31.31685],[30.22266,31.2584],[30.12754,31.25566],[30.04941,31.26543],[29.92979,31.22749],[29.5916,31.01152],[29.42852,30.92744],[29.27891,30.86694],[29.15996,30.83457],[29.07207,30.83027],[28.97275,30.85674],[28.80693,30.94268],[28.51484,31.05044],[27.96758,31.09741],[27.82998,31.19502],[27.62012,31.19175],[27.54004,31.2127],[27.24805,31.37788],[26.76865,31.47036],[26.45732,31.51211],[25.89326,31.6209],[25.38223,31.51279],[25.22549,31.53379],[25.15049,31.65498],[25.11504,31.7123],[25.025,31.88335],[24.95068,31.95371],[24.87852,31.98428],[24.68389,32.01597],[24.47979,31.99653],[24.12969,32.00923],[24.03896,32.03701],[23.89844,32.1272],[23.79766,32.15869],[23.28633,32.21382],[23.10625,32.33145],[23.11045,32.39741],[23.12969,32.44814],[23.09063,32.61875],[22.91689,32.68716],[22.7541,32.74053],[22.52344,32.79395],[22.34063,32.87988],[22.1874,32.91826],[21.83945,32.90864],[21.72139,32.94248],[21.63594,32.9373],[21.42471,32.79917],[21.31875,32.77769],[21.0623,32.77554],[20.62109,32.58018],[20.37061,32.43076],[20.12148,32.21875],[20.03096,32.10786],[19.97344,31.99907],[19.92637,31.81753],[19.96123,31.55601],[20.02002,31.41064],[20.10381,31.30054],[20.14111,31.19551],[20.15098,31.07861],[20.11152,30.96372],[20.01318,30.80068],[19.71328,30.48838],[19.58984,30.41377],[19.2917,30.28809],[19.12373,30.26611],[18.93643,30.29043],[18.66982,30.41567],[18.19043,30.77729],[17.94932,30.8519],[17.83047,30.92759],[17.34922,31.08149],[16.78154,31.21475],[16.45098,31.22729],[16.12305,31.26445],[15.83223,31.36099],[15.70596,31.42642],[15.5958,31.5311],[15.49639,31.65679],[15.41406,31.83423],[15.36309,31.97119],[15.35908,32.15967],[15.26689,32.31167],[15.17656,32.39116],[14.51338,32.51108],[14.42383,32.55029],[14.23711,32.68125],[14.15566,32.70977],[13.83535,32.7918],[13.64775,32.79883],[13.53633,32.82427],[13.2835,32.91465],[13.13809,32.89736],[12.75352,32.80107],[12.42705,32.8291],[12.27988,32.85854],[11.81348,33.0937],[11.65713,33.1189],[11.50459,33.18193],[11.40059,33.2249],[11.33809,33.20947],[11.23428,33.23359],[11.20264,33.24922],[11.23213,33.27158],[11.26992,33.28633],[11.25742,33.30884],[11.15029,33.36924],[11.08457,33.56289],[10.95801,33.62632],[10.89844,33.53369],[10.82812,33.5189],[10.72275,33.5144],[10.7043,33.60967],[10.71318,33.68901],[10.4543,33.6625],[10.30527,33.72827],[10.15898,33.85005],[10.04902,34.0563],[10.04004,34.14033],[10.06484,34.21162],[10.11836,34.28008],[10.20039,34.34604],[10.53486,34.54473],[10.69092,34.67847],[10.86621,34.88433],[10.95586,35.03364],[11.12012,35.24028],[11.04326,35.33511],[11.03154,35.45386],[11.00068,35.55161],[11.0043,35.63384],[10.78369,35.77207],[10.68896,35.79951],[10.59082,35.88726],[10.50576,36.03242],[10.47656,36.17515],[10.48799,36.25488],[10.52568,36.32334],[10.64238,36.41963],[10.79814,36.49312],[10.96719,36.74302],[11.05654,36.84146],[11.12666,36.87407],[11.07705,36.9667],[11.05391,37.07251],[10.95137,37.05928],[10.76621,36.93027],[10.57129,36.87944],[10.51816,36.79136],[10.4123,36.73184],[10.29326,36.78149],[10.33408,36.86538],[10.18877,37.03389],[10.19639,37.20586],[10.0874,37.25127],[9.98809,37.25776],[9.87559,37.25415],[9.87939,37.21284],[9.89639,37.18164],[9.83027,37.13535],[9.78398,37.21143],[9.81553,37.25464],[9.83848,37.30898],[9.75889,37.33027],[9.68799,37.34038],[9.14199,37.19463],[9.05889,37.15586],[8.82354,36.99761],[8.57656,36.93721],[8.12715,36.91035],[7.91045,36.85635],[7.7916,36.88027],[7.60771,36.99976],[7.43242,37.05928],[7.2043,37.09238],[7.23848,36.96851],[7.14346,36.94336],[6.92754,36.91943],[6.57588,37.00303],[6.48652,37.08574],[6.32783,37.04604],[6.24912,36.93833],[6.06475,36.86426],[5.72549,36.79961],[5.42461,36.67544],[5.29541,36.64824],[5.19561,36.67681],[4.99541,36.80806],[4.87783,36.8624],[4.75811,36.89634],[3.779,36.89619],[3.52051,36.79512],[2.97285,36.78447],[2.84648,36.73887],[2.59336,36.60068],[2.34287,36.6103],[1.97451,36.56758],[1.25723,36.51958],[0.97168,36.44395],[0.79082,36.35654],[0.51494,36.26182],[0.31221,36.16235],[0.15166,36.06313],[0.04795,35.90054],[-0.04824,35.83281],[-0.18916,35.81909],[-0.35078,35.86318],[-0.42612,35.86152],[-0.91748,35.66841],[-1.0877,35.57886],[-1.20537,35.49575],[-1.33584,35.36426],[-1.48374,35.30308],[-1.67363,35.18311],[-1.91328,35.09424],[-2.01777,35.08506],[-2.21963,35.1042],[-2.42373,35.12349],[-2.63682,35.1127],[-2.7314,35.13521],[-2.83994,35.12783],[-2.86953,35.17266],[-2.92598,35.28711],[-2.95361,35.31514],[-2.95796,35.36309],[-2.97222,35.40728],[-3.06309,35.31724],[-3.20601,35.23911],[-3.39473,35.21182],[-3.59062,35.22832],[-3.69326,35.27998],[-3.78799,35.24492],[-3.98242,35.24341],[-4.32998,35.16147],[-4.62832,35.2064],[-4.83721,35.2813],[-5.10537,35.46777],[-5.25269,35.61475],[-5.33765,35.74521],[-5.33765,35.85654],[-5.27783,35.90273],[-5.39736,35.92988],[-5.52227,35.86201],[-5.62285,35.82891],[-5.74795,35.81597],[-5.9248,35.78579],[-5.95757,35.68115],[-6.35312,34.77607],[-6.75576,34.13291],[-6.90098,33.96904],[-7.14468,33.83032],[-7.56235,33.64028],[-8.30117,33.37437],[-8.51284,33.25244],[-8.59629,33.18716],[-8.83623,32.92046],[-9.24585,32.57246],[-9.24912,32.48584],[-9.28657,32.24058],[-9.34746,32.08638],[-9.67495,31.71099],[-9.80869,31.42461],[-9.83335,31.06963],[-9.83242,30.84727],[-9.87549,30.71792],[-9.85391,30.64458],[-9.77314,30.60312],[-9.65293,30.44756],[-9.62383,30.35264],[-9.66709,30.10928],[-9.74346,29.9582],[-9.85264,29.80923],[-10.0105,29.64141],[-10.20059,29.38037],[-10.48647,29.06494],[-10.67383,28.93921],[-11.08096,28.71377],[-11.29907,28.52607],[-11.43018,28.38203],[-11.55269,28.31011],[-11.98608,28.1293],[-12.4689,28.00942],[-12.5676,28.0]],[[33.45377,28.0],[33.37227,28.05059],[33.20215,28.2083],[33.02285,28.44229],[32.89824,28.56523],[32.85654,28.63062],[32.82949,28.70288],[32.78447,28.78662],[32.65889,28.92773],[32.63184,28.99224],[32.63809,29.18218],[32.59902,29.32192],[32.56504,29.38633],[32.39727,29.53379],[32.35977,29.63066],[32.40859,29.74932],[32.48945,29.85151],[32.47305,29.92544],[32.56572,29.97397],[32.64717,29.79844],[32.72148,29.52178],[32.7667,29.45],[32.81172,29.4],[32.87061,29.28623],[33.07578,29.07305],[33.13018,28.97827],[33.20371,28.77778],[33.20195,28.6957],[33.24775,28.56772],[33.41611,28.38984],[33.59414,28.25557],[33.76025,28.04766],[33.8223,28.0]],[[34.38948,28.0],[34.39971,28.01602],[34.42715,28.10649],[34.44648,28.35732],[34.61719,28.75791],[34.73643,29.27061],[34.84854,29.43213],[34.9043,29.47734],[34.97344,29.55503],[34.98223,29.48447],[34.95078,29.35352],[34.79912,28.72051],[34.77988,28.50732],[34.6833,28.26411],[34.61621,28.14834],[34.625,28.0645],[34.72207,28.13066],[34.82754,28.10859],[35.07832,28.08701],[35.18047,28.03486],[35.20865,28.0]]]}}]}
